Faction,Augmentation,RepRequired,CurrentPrice,Category,ValueDensity,AlsoUnlockedAtThisRepOrLess,CountAlsoUnlocked
Aevum,NeuroFlux Governor,500,1500000,Charisma; Combat; Hacking; Hacknet; Money/Work; Reputation,0.00031929,,0
Aevum,Neurotrainer I,1000,8000000,Charisma; Combat; Hacking,0.0001,NeuroFlux Governor,1
Aevum,Wired Reflexes,1250,5000000,Combat,0.0,NeuroFlux Governor; Neurotrainer I,2
Aevum,Synaptic Enhancement Implant,2000,15000000,Hacking,1.5e-05,NeuroFlux Governor; Neurotrainer I; Wired Reflexes,3
Aevum,Speech Processor Implant,7500,100000000,Charisma,0.0,NeuroFlux Governor; Neurotrainer I; Wired Reflexes; Synaptic Enhancement Implant,4
Aevum,Neuralstimulator,50000,6000000000,Hacking,4.8e-06,NeuroFlux Governor; Neurotrainer I; Wired Reflexes; Synaptic Enhancement Implant; Speech Processor Implant,5
Aevum,PCMatrix,100000,4000000000,Charisma; Money/Work; Reputation,1.088e-05,NeuroFlux Governor; Neurotrainer I; Wired Reflexes; Synaptic Enhancement Implant; Speech Processor Implant; Neuralstimulator,6
Bachman & Associates,NeuroFlux Governor,500,1500000,Charisma; Combat; Hacking; Hacknet; Money/Work; Reputation,0.00031929,,0
Bachman & Associates,Speech Enhancement,2500,25000000,Charisma; Reputation,4e-05,NeuroFlux Governor,1
Bachman & Associates,Nuoptimal Nootropic Injector Implant,5000,40000000,Charisma; Reputation,4e-05,NeuroFlux Governor; Speech Enhancement,2
Bachman & Associates,Neuralstimulator,50000,6000000000,Hacking,4.8e-06,NeuroFlux Governor; Speech Enhancement; Nuoptimal Nootropic Injector Implant,3
Bachman & Associates,ADR-V2 Pheromone Gene,62500,1100000000,Charisma; Reputation,6.4e-06,NeuroFlux Governor; Speech Enhancement; Nuoptimal Nootropic Injector Implant; Neuralstimulator,4
Bachman & Associates,FocusWire,75000,1800000000,Charisma; Combat; Hacking; Money/Work; Reputation,4.67e-06,NeuroFlux Governor; Speech Enhancement; Nuoptimal Nootropic Injector Implant; Neuralstimulator; ADR-V2 Pheromone Gene,5
Bachman & Associates,Enhanced Social Interaction Implant,375000,2750000000,Charisma,0.0,NeuroFlux Governor; Speech Enhancement; Nuoptimal Nootropic Injector Implant; Neuralstimulator; ADR-V2 Pheromone Gene; FocusWire; SmartJaw,7
Bachman & Associates,SmartJaw,375000,5500000000,Charisma; Reputation,1.33e-06,NeuroFlux Governor; Speech Enhancement; Nuoptimal Nootropic Injector Implant; Neuralstimulator; ADR-V2 Pheromone Gene; FocusWire; Enhanced Social Interaction Implant,7
BitRunners,NeuroFlux Governor,500,1500000,Charisma; Combat; Hacking; Hacknet; Money/Work; Reputation,0.00031929,,0
BitRunners,Neural Wit Amplifier,5000,20000000,Charisma; Reputation,1e-05,NeuroFlux Governor,1
BitRunners,Neurotrainer II,10000,90000000,Charisma; Combat; Hacking,1.5e-05,NeuroFlux Governor; Neural Wit Amplifier,2
BitRunners,Embedded Netburner Module,15000,500000000,Hacking,5.33e-06,NeuroFlux Governor; Neural Wit Amplifier; Neurotrainer II,3
BitRunners,Cranial Signal Processors - Gen III,50000,1100000000,Hacking,5.2e-06,NeuroFlux Governor; Neural Wit Amplifier; Neurotrainer II; Embedded Netburner Module,4
BitRunners,Enhanced Myelin Sheathing,100000,2750000000,Hacking,2.1e-06,NeuroFlux Governor; Neural Wit Amplifier; Neurotrainer II; Embedded Netburner Module; Cranial Signal Processors - Gen III,5
BitRunners,DataJack,112500,900000000,Hacking,2.22e-06,NeuroFlux Governor; Neural Wit Amplifier; Neurotrainer II; Embedded Netburner Module; Cranial Signal Processors - Gen III; Enhanced Myelin Sheathing,6
BitRunners,Cranial Signal Processors - Gen IV,125000,2200000000,Hacking,3.76e-06,NeuroFlux Governor; Neural Wit Amplifier; Neurotrainer II; Embedded Netburner Module; Cranial Signal Processors - Gen III; Enhanced Myelin Sheathing; DataJack,7
BitRunners,Embedded Netburner Module Core Implant,175000,5000000000,Hacking,1.71e-06,NeuroFlux Governor; Neural Wit Amplifier; Neurotrainer II; Embedded Netburner Module; Cranial Signal Processors - Gen III; Enhanced Myelin Sheathing; DataJack; Cranial Signal Processors - Gen IV,8
BitRunners,Neural Accelerator,200000,3500000000,Hacking,2.25e-06,NeuroFlux Governor; Neural Wit Amplifier; Neurotrainer II; Embedded Netburner Module; Cranial Signal Processors - Gen III; Enhanced Myelin Sheathing; DataJack; Cranial Signal Processors - Gen IV; Embedded Netburner Module Core Implant,9
BitRunners,Cranial Signal Processors - Gen V,250000,4500000000,Hacking,5.2e-06,NeuroFlux Governor; Neural Wit Amplifier; Neurotrainer II; Embedded Netburner Module; Cranial Signal Processors - Gen III; Enhanced Myelin Sheathing; DataJack; Cranial Signal Processors - Gen IV; Embedded Netburner Module Core Implant; Neural Accelerator,10
BitRunners,Artificial Bio-neural Network Implant,275000,6000000000,Hacking,1.09e-06,NeuroFlux Governor; Neural Wit Amplifier; Neurotrainer II; Embedded Netburner Module; Cranial Signal Processors - Gen III; Enhanced Myelin Sheathing; DataJack; Cranial Signal Processors - Gen IV; Embedded Netburner Module Core Implant; Neural Accelerator; Cranial Signal Processors - Gen V,11
BitRunners,BitRunners Neurolink,875000,8750000000,Hacking,5.7e-07,NeuroFlux Governor; Neural Wit Amplifier; Neurotrainer II; Embedded Netburner Module; Cranial Signal Processors - Gen III; Enhanced Myelin Sheathing; DataJack; Cranial Signal Processors - Gen IV; Embedded Netburner Module Core Implant; Neural Accelerator; Cranial Signal Processors - Gen V; Artificial Bio-neural Network Implant,12
BitRunners,Embedded Netburner Module Core V2 Upgrade,1000000,9000000000,Hacking,6.3e-07,NeuroFlux Governor; Neural Wit Amplifier; Neurotrainer II; Embedded Netburner Module; Cranial Signal Processors - Gen III; Enhanced Myelin Sheathing; DataJack; Cranial Signal Processors - Gen IV; Embedded Netburner Module Core Implant; Neural Accelerator; Cranial Signal Processors - Gen V; Artificial Bio-neural Network Implant; BitRunners Neurolink,13
Blade Industries,NeuroFlux Governor,500,1500000,Charisma; Combat; Hacking; Hacknet; Money/Work; Reputation,0.00031929,,0
Blade Industries,Augmented Targeting I,5000,30000000,Combat,0.0,NeuroFlux Governor,1
Blade Industries,Combat Rib I,7500,47500000,Combat,0.0,NeuroFlux Governor; Augmented Targeting I,2
Blade Industries,Augmented Targeting II,8750,85000000,Combat,0.0,NeuroFlux Governor; Augmented Targeting I; Combat Rib I,3
Blade Industries,Embedded Netburner Module,15000,500000000,Hacking,5.33e-06,NeuroFlux Governor; Augmented Targeting I; Combat Rib I; Augmented Targeting II,4
Blade Industries,Combat Rib II,18750,130000000,Combat,0.0,NeuroFlux Governor; Augmented Targeting I; Combat Rib I; Augmented Targeting II; Embedded Netburner Module,5
Blade Industries,Augmented Targeting III,27500,230000000,Combat,0.0,NeuroFlux Governor; Augmented Targeting I; Combat Rib I; Augmented Targeting II; Embedded Netburner Module; Combat Rib II,6
Blade Industries,Combat Rib III,35000,240000000,Combat,0.0,NeuroFlux Governor; Augmented Targeting I; Combat Rib I; Augmented Targeting II; Embedded Netburner Module; Combat Rib II; Augmented Targeting III,7
Blade Industries,Nanofiber Weave,37500,250000000,Charisma; Combat,0.0,NeuroFlux Governor; Augmented Targeting I; Combat Rib I; Augmented Targeting II; Embedded Netburner Module; Combat Rib II; Augmented Targeting III; Combat Rib III,8
Blade Industries,Bionic Spine,45000,250000000,Combat,0.0,NeuroFlux Governor; Augmented Targeting I; Combat Rib I; Augmented Targeting II; Embedded Netburner Module; Combat Rib II; Augmented Targeting III; Combat Rib III; Nanofiber Weave,9
Blade Industries,Bionic Legs,150000,750000000,Combat,0.0,NeuroFlux Governor; Augmented Targeting I; Combat Rib I; Augmented Targeting II; Embedded Netburner Module; Combat Rib II; Augmented Targeting III; Combat Rib III; Nanofiber Weave; Bionic Spine; HyperSight Corneal Implant,11
Blade Industries,HyperSight Corneal Implant,150000,5500000000,Charisma; Combat; Hacking,8.7e-07,NeuroFlux Governor; Augmented Targeting I; Combat Rib I; Augmented Targeting II; Embedded Netburner Module; Combat Rib II; Augmented Targeting III; Combat Rib III; Nanofiber Weave; Bionic Spine; Bionic Legs,11
Blade Industries,Embedded Netburner Module Core Implant,175000,5000000000,Hacking,1.71e-06,NeuroFlux Governor; Augmented Targeting I; Combat Rib I; Augmented Targeting II; Embedded Netburner Module; Combat Rib II; Augmented Targeting III; Combat Rib III; Nanofiber Weave; Bionic Spine; Bionic Legs; HyperSight Corneal Implant,12
Blade Industries,PC Direct-Neural Interface,375000,7500000000,Hacking; Reputation,1.01e-06,NeuroFlux Governor; Augmented Targeting I; Combat Rib I; Augmented Targeting II; Embedded Netburner Module; Combat Rib II; Augmented Targeting III; Combat Rib III; Nanofiber Weave; Bionic Spine; Bionic Legs; HyperSight Corneal Implant; Embedded Netburner Module Core Implant,13
Blade Industries,Synfibril Muscle,437500,2250000000,Combat,0.0,NeuroFlux Governor; Augmented Targeting I; Combat Rib I; Augmented Targeting II; Embedded Netburner Module; Combat Rib II; Augmented Targeting III; Combat Rib III; Nanofiber Weave; Bionic Spine; Bionic Legs; HyperSight Corneal Implant; Embedded Netburner Module Core Implant; PC Direct-Neural Interface,14
Blade Industries,PC Direct-Neural Interface Optimization Submodule,500000,9000000000,Hacking; Reputation,1.7e-06,NeuroFlux Governor; Augmented Targeting I; Combat Rib I; Augmented Targeting II; Embedded Netburner Module; Combat Rib II; Augmented Targeting III; Combat Rib III; Nanofiber Weave; Bionic Spine; Bionic Legs; HyperSight Corneal Implant; Embedded Netburner Module Core Implant; PC Direct-Neural Interface; Synfibril Muscle,15
Blade Industries,Neotra,562500,5750000000,Charisma; Combat,0.0,NeuroFlux Governor; Augmented Targeting I; Combat Rib I; Augmented Targeting II; Embedded Netburner Module; Combat Rib II; Augmented Targeting III; Combat Rib III; Nanofiber Weave; Bionic Spine; Bionic Legs; HyperSight Corneal Implant; Embedded Netburner Module Core Implant; PC Direct-Neural Interface; Synfibril Muscle; PC Direct-Neural Interface Optimization Submodule,16
Blade Industries,Embedded Netburner Module Core V2 Upgrade,1000000,9000000000,Hacking,6.3e-07,NeuroFlux Governor; Augmented Targeting I; Combat Rib I; Augmented Targeting II; Embedded Netburner Module; Combat Rib II; Augmented Targeting III; Combat Rib III; Nanofiber Weave; Bionic Spine; Bionic Legs; HyperSight Corneal Implant; Embedded Netburner Module Core Implant; PC Direct-Neural Interface; Synfibril Muscle; PC Direct-Neural Interface Optimization Submodule; Neotra,17
Bladeburners,EsperTech Bladeburner Eyewear,1250,330000000,Bladeburner; Combat,0.0,The Blade's Simulacrum,1
Bladeburners,The Blade's Simulacrum,1250,300000000000,,0.0,EsperTech Bladeburner Eyewear,1
Bladeburners,EMS-4 Recombination,2500,550000000,Bladeburner,0.0,EsperTech Bladeburner Eyewear; The Blade's Simulacrum,2
Bladeburners,ORION-MKIV Shoulder,6250,1100000000,Bladeburner; Combat,0.0,EsperTech Bladeburner Eyewear; The Blade's Simulacrum; EMS-4 Recombination,3
Bladeburners,Hyperion Plasma Cannon V1,12500,5500000000,Bladeburner,0.0,EsperTech Bladeburner Eyewear; The Blade's Simulacrum; EMS-4 Recombination; ORION-MKIV Shoulder; BLADE-51b Tesla Armor,5
Bladeburners,BLADE-51b Tesla Armor,12500,2750000000,Bladeburner; Combat,0.0,EsperTech Bladeburner Eyewear; The Blade's Simulacrum; EMS-4 Recombination; ORION-MKIV Shoulder; Hyperion Plasma Cannon V1,5
Bladeburners,BLADE-51b Tesla Armor: IPU Upgrade,15000,2200000000,Bladeburner,0.0,EsperTech Bladeburner Eyewear; The Blade's Simulacrum; EMS-4 Recombination; ORION-MKIV Shoulder; Hyperion Plasma Cannon V1; BLADE-51b Tesla Armor,6
Bladeburners,Vangelis Virus,18750,5500000000,Bladeburner; Charisma; Combat,0.0,EsperTech Bladeburner Eyewear; The Blade's Simulacrum; EMS-4 Recombination; ORION-MKIV Shoulder; Hyperion Plasma Cannon V1; BLADE-51b Tesla Armor; BLADE-51b Tesla Armor: IPU Upgrade; BLADE-51b Tesla Armor: Power Cells Upgrade,8
Bladeburners,BLADE-51b Tesla Armor: Power Cells Upgrade,18750,5500000000,Bladeburner,0.0,EsperTech Bladeburner Eyewear; The Blade's Simulacrum; EMS-4 Recombination; ORION-MKIV Shoulder; Hyperion Plasma Cannon V1; BLADE-51b Tesla Armor; BLADE-51b Tesla Armor: IPU Upgrade; Vangelis Virus,8
Bladeburners,Blade's Runners,20000,16500000000,Bladeburner; Combat,0.0,EsperTech Bladeburner Eyewear; The Blade's Simulacrum; EMS-4 Recombination; ORION-MKIV Shoulder; Hyperion Plasma Cannon V1; BLADE-51b Tesla Armor; BLADE-51b Tesla Armor: IPU Upgrade; Vangelis Virus; BLADE-51b Tesla Armor: Power Cells Upgrade,9
Bladeburners,BLADE-51b Tesla Armor: Energy Shielding Upgrade,21250,11000000000,Bladeburner; Combat,0.0,EsperTech Bladeburner Eyewear; The Blade's Simulacrum; EMS-4 Recombination; ORION-MKIV Shoulder; Hyperion Plasma Cannon V1; BLADE-51b Tesla Armor; BLADE-51b Tesla Armor: IPU Upgrade; Vangelis Virus; BLADE-51b Tesla Armor: Power Cells Upgrade; Blade's Runners,10
Bladeburners,Hyperion Plasma Cannon V2,25000,11000000000,Bladeburner,0.0,EsperTech Bladeburner Eyewear; The Blade's Simulacrum; EMS-4 Recombination; ORION-MKIV Shoulder; Hyperion Plasma Cannon V1; BLADE-51b Tesla Armor; BLADE-51b Tesla Armor: IPU Upgrade; Vangelis Virus; BLADE-51b Tesla Armor: Power Cells Upgrade; Blade's Runners; BLADE-51b Tesla Armor: Energy Shielding Upgrade; I.N.T.E.R.L.I.N.K.E.D,12
Bladeburners,I.N.T.E.R.L.I.N.K.E.D,25000,11000000000,Bladeburner; Combat,0.0,EsperTech Bladeburner Eyewear; The Blade's Simulacrum; EMS-4 Recombination; ORION-MKIV Shoulder; Hyperion Plasma Cannon V1; BLADE-51b Tesla Armor; BLADE-51b Tesla Armor: IPU Upgrade; Vangelis Virus; BLADE-51b Tesla Armor: Power Cells Upgrade; Blade's Runners; BLADE-51b Tesla Armor: Energy Shielding Upgrade; Hyperion Plasma Cannon V2,12
Bladeburners,GOLEM Serum,31250,22000000000,Bladeburner; Combat,0.0,EsperTech Bladeburner Eyewear; The Blade's Simulacrum; EMS-4 Recombination; ORION-MKIV Shoulder; Hyperion Plasma Cannon V1; BLADE-51b Tesla Armor; BLADE-51b Tesla Armor: IPU Upgrade; Vangelis Virus; BLADE-51b Tesla Armor: Power Cells Upgrade; Blade's Runners; BLADE-51b Tesla Armor: Energy Shielding Upgrade; Hyperion Plasma Cannon V2; I.N.T.E.R.L.I.N.K.E.D; BLADE-51b Tesla Armor: Unibeam Upgrade,14
Bladeburners,BLADE-51b Tesla Armor: Unibeam Upgrade,31250,33000000000,Bladeburner,0.0,EsperTech Bladeburner Eyewear; The Blade's Simulacrum; EMS-4 Recombination; ORION-MKIV Shoulder; Hyperion Plasma Cannon V1; BLADE-51b Tesla Armor; BLADE-51b Tesla Armor: IPU Upgrade; Vangelis Virus; BLADE-51b Tesla Armor: Power Cells Upgrade; Blade's Runners; BLADE-51b Tesla Armor: Energy Shielding Upgrade; Hyperion Plasma Cannon V2; I.N.T.E.R.L.I.N.K.E.D; GOLEM Serum,14
Bladeburners,Vangelis Virus 3.0,37500,22000000000,Bladeburner; Charisma; Combat,0.0,EsperTech Bladeburner Eyewear; The Blade's Simulacrum; EMS-4 Recombination; ORION-MKIV Shoulder; Hyperion Plasma Cannon V1; BLADE-51b Tesla Armor; BLADE-51b Tesla Armor: IPU Upgrade; Vangelis Virus; BLADE-51b Tesla Armor: Power Cells Upgrade; Blade's Runners; BLADE-51b Tesla Armor: Energy Shielding Upgrade; Hyperion Plasma Cannon V2; I.N.T.E.R.L.I.N.K.E.D; GOLEM Serum; BLADE-51b Tesla Armor: Unibeam Upgrade,15
Bladeburners,Glibness Enhancement,40500,5000000000,Charisma; Reputation,2.47e-06,EsperTech Bladeburner Eyewear; The Blade's Simulacrum; EMS-4 Recombination; ORION-MKIV Shoulder; Hyperion Plasma Cannon V1; BLADE-51b Tesla Armor; BLADE-51b Tesla Armor: IPU Upgrade; Vangelis Virus; BLADE-51b Tesla Armor: Power Cells Upgrade; Blade's Runners; BLADE-51b Tesla Armor: Energy Shielding Upgrade; Hyperion Plasma Cannon V2; I.N.T.E.R.L.I.N.K.E.D; GOLEM Serum; BLADE-51b Tesla Armor: Unibeam Upgrade; Vangelis Virus 3.0,16
Bladeburners,BLADE-51b Tesla Armor: Omnibeam Upgrade,62500,55000000000,Bladeburner,0.0,EsperTech Bladeburner Eyewear; The Blade's Simulacrum; EMS-4 Recombination; ORION-MKIV Shoulder; Hyperion Plasma Cannon V1; BLADE-51b Tesla Armor; BLADE-51b Tesla Armor: IPU Upgrade; Vangelis Virus; BLADE-51b Tesla Armor: Power Cells Upgrade; Blade's Runners; BLADE-51b Tesla Armor: Energy Shielding Upgrade; Hyperion Plasma Cannon V2; I.N.T.E.R.L.I.N.K.E.D; GOLEM Serum; BLADE-51b Tesla Armor: Unibeam Upgrade; Vangelis Virus 3.0; Glibness Enhancement,17
Chongqing,NeuroFlux Governor,500,1500000,Charisma; Combat; Hacking; Hacknet; Money/Work; Reputation,0.00031929,,0
Chongqing,Nuoptimal Nootropic Injector Implant,5000,40000000,Charisma; Reputation,4e-05,NeuroFlux Governor,1
Chongqing,Speech Processor Implant,7500,100000000,Charisma,0.0,NeuroFlux Governor; Nuoptimal Nootropic Injector Implant,2
Chongqing,Neuregen Gene Modification,37500,750000000,Hacking,1.067e-05,NeuroFlux Governor; Nuoptimal Nootropic Injector Implant; Speech Processor Implant,3
Chongqing,Neuralstimulator,50000,6000000000,Hacking,4.8e-06,NeuroFlux Governor; Nuoptimal Nootropic Injector Implant; Speech Processor Implant; Neuregen Gene Modification,4
Chongqing,DataJack,112500,900000000,Hacking,2.22e-06,NeuroFlux Governor; Nuoptimal Nootropic Injector Implant; Speech Processor Implant; Neuregen Gene Modification; Neuralstimulator,5
Church of the Machine God,Stanek's Gift - Genesis,0,0,Charisma; Combat; Hacking; Hacknet; Money/Work; Reputation,1.6,,0
Church of the Machine God,Stanek's Gift - Awakening,1000000,0,Charisma; Combat; Hacking; Hacknet; Money/Work; Reputation,8.5e-07,Stanek's Gift - Genesis,1
Church of the Machine God,Stanek's Gift - Serenity,100000000,0,Charisma; Combat; Hacking; Hacknet; Money/Work; Reputation,1e-08,Stanek's Gift - Genesis; Stanek's Gift - Awakening,2
Clarke Incorporated,NeuroFlux Governor,500,1500000,Charisma; Combat; Hacking; Hacknet; Money/Work; Reputation,0.00031929,,0
Clarke Incorporated,Speech Enhancement,2500,25000000,Charisma; Reputation,4e-05,NeuroFlux Governor,1
Clarke Incorporated,Nuoptimal Nootropic Injector Implant,5000,40000000,Charisma; Reputation,4e-05,NeuroFlux Governor; Speech Enhancement,2
Clarke Incorporated,Neuralstimulator,50000,6000000000,Hacking,4.8e-06,NeuroFlux Governor; Speech Enhancement; Nuoptimal Nootropic Injector Implant,3
Clarke Incorporated,ADR-V2 Pheromone Gene,62500,1100000000,Charisma; Reputation,6.4e-06,NeuroFlux Governor; Speech Enhancement; Nuoptimal Nootropic Injector Implant; Neuralstimulator,4
Clarke Incorporated,FocusWire,75000,1800000000,Charisma; Combat; Hacking; Money/Work; Reputation,4.67e-06,NeuroFlux Governor; Speech Enhancement; Nuoptimal Nootropic Injector Implant; Neuralstimulator; ADR-V2 Pheromone Gene,5
Clarke Incorporated,Neuronal Densification,187500,2750000000,Hacking,1.49e-06,NeuroFlux Governor; Speech Enhancement; Nuoptimal Nootropic Injector Implant; Neuralstimulator; ADR-V2 Pheromone Gene; FocusWire,6
Clarke Incorporated,Enhanced Social Interaction Implant,375000,2750000000,Charisma,0.0,NeuroFlux Governor; Speech Enhancement; Nuoptimal Nootropic Injector Implant; Neuralstimulator; ADR-V2 Pheromone Gene; FocusWire; Neuronal Densification,7
Clarke Incorporated,nextSENS Gene Modification,437500,3850000000,Charisma; Combat; Hacking,4.6e-07,NeuroFlux Governor; Speech Enhancement; Nuoptimal Nootropic Injector Implant; Neuralstimulator; ADR-V2 Pheromone Gene; FocusWire; Neuronal Densification; Enhanced Social Interaction Implant,8
CyberSec,NeuroFlux Governor,500,1500000,Charisma; Combat; Hacking; Hacknet; Money/Work; Reputation,0.00031929,,0
CyberSec,Neurotrainer I,1000,8000000,Charisma; Combat; Hacking,0.0001,NeuroFlux Governor,1
CyberSec,Synaptic Enhancement Implant,2000,15000000,Hacking,1.5e-05,NeuroFlux Governor; Neurotrainer I,2
CyberSec,BitWire,3750,20000000,Hacking,1.333e-05,NeuroFlux Governor; Neurotrainer I; Synaptic Enhancement Implant,3
CyberSec,Cranial Signal Processors - Gen I,10000,140000000,Hacking,6e-06,NeuroFlux Governor; Neurotrainer I; Synaptic Enhancement Implant; BitWire,4
CyberSec,Cranial Signal Processors - Gen II,18750,250000000,Hacking,7.47e-06,NeuroFlux Governor; Neurotrainer I; Synaptic Enhancement Implant; BitWire; Cranial Signal Processors - Gen I,5
Daedalus,NeuroFlux Governor,500,1500000,Charisma; Combat; Hacking; Hacknet; Money/Work; Reputation,0.00031929,,0
Daedalus,Synfibril Muscle,437500,2250000000,Combat,0.0,NeuroFlux Governor,1
Daedalus,Embedded Netburner Module Analyze Engine,625000,12000000000,Hacking,1.6e-07,NeuroFlux Governor; Synfibril Muscle,2
Daedalus,Synthetic Heart,750000,5750000000,Charisma; Combat,0.0,NeuroFlux Governor; Synfibril Muscle; Embedded Netburner Module Analyze Engine,3
Daedalus,NEMEAN Subdermal Weave,875000,6500000000,Combat,0.0,NeuroFlux Governor; Synfibril Muscle; Embedded Netburner Module Analyze Engine; Synthetic Heart,4
Daedalus,Embedded Netburner Module Direct Memory Access Upgrade,1000000,14000000000,Hacking,6e-07,NeuroFlux Governor; Synfibril Muscle; Embedded Netburner Module Analyze Engine; Synthetic Heart; NEMEAN Subdermal Weave,5
Daedalus,Embedded Netburner Module Core V3 Upgrade,1750000,15000000000,Hacking,5.1e-07,NeuroFlux Governor; Synfibril Muscle; Embedded Netburner Module Analyze Engine; Synthetic Heart; NEMEAN Subdermal Weave; Embedded Netburner Module Direct Memory Access Upgrade,6
Daedalus,The Red Pill,2500000,0,,0.0,NeuroFlux Governor; Synfibril Muscle; Embedded Netburner Module Analyze Engine; Synthetic Heart; NEMEAN Subdermal Weave; Embedded Netburner Module Direct Memory Access Upgrade; Embedded Netburner Module Core V3 Upgrade,7
ECorp,NeuroFlux Governor,500,1500000,Charisma; Combat; Hacking; Hacknet; Money/Work; Reputation,0.00031929,,0
ECorp,Embedded Netburner Module,15000,500000000,Hacking,5.33e-06,NeuroFlux Governor,1
ECorp,Embedded Netburner Module Core Implant,175000,5000000000,Hacking,1.71e-06,NeuroFlux Governor; Embedded Netburner Module,2
ECorp,Social Dynamics Processor,225000,2400000000,Charisma; Reputation,1.33e-06,NeuroFlux Governor; Embedded Netburner Module; Embedded Netburner Module Core Implant,3
ECorp,PC Direct-Neural Interface,375000,7500000000,Hacking; Reputation,1.01e-06,NeuroFlux Governor; Embedded Netburner Module; Embedded Netburner Module Core Implant; Social Dynamics Processor,4
ECorp,PC Direct-Neural Interface Optimization Submodule,500000,9000000000,Hacking; Reputation,1.7e-06,NeuroFlux Governor; Embedded Netburner Module; Embedded Netburner Module Core Implant; Social Dynamics Processor; PC Direct-Neural Interface,5
ECorp,Embedded Netburner Module Analyze Engine,625000,12000000000,Hacking,1.6e-07,NeuroFlux Governor; Embedded Netburner Module; Embedded Netburner Module Core Implant; Social Dynamics Processor; PC Direct-Neural Interface; PC Direct-Neural Interface Optimization Submodule,6
ECorp,Graphene Bionic Legs Upgrade,750000,9000000000,Combat,0.0,NeuroFlux Governor; Embedded Netburner Module; Embedded Netburner Module Core Implant; Social Dynamics Processor; PC Direct-Neural Interface; PC Direct-Neural Interface Optimization Submodule; Embedded Netburner Module Analyze Engine,7
ECorp,Embedded Netburner Module Core V2 Upgrade,1000000,9000000000,Hacking,6.3e-07,NeuroFlux Governor; Embedded Netburner Module; Embedded Netburner Module Core Implant; Social Dynamics Processor; PC Direct-Neural Interface; PC Direct-Neural Interface Optimization Submodule; Embedded Netburner Module Analyze Engine; Graphene Bionic Legs Upgrade; Embedded Netburner Module Direct Memory Access Upgrade,9
ECorp,Embedded Netburner Module Direct Memory Access Upgrade,1000000,14000000000,Hacking,6e-07,NeuroFlux Governor; Embedded Netburner Module; Embedded Netburner Module Core Implant; Social Dynamics Processor; PC Direct-Neural Interface; PC Direct-Neural Interface Optimization Submodule; Embedded Netburner Module Analyze Engine; Graphene Bionic Legs Upgrade; Embedded Netburner Module Core V2 Upgrade,9
ECorp,ECorp HVMind Implant,1500000,11000000000,Hacking,1.33e-06,NeuroFlux Governor; Embedded Netburner Module; Embedded Netburner Module Core Implant; Social Dynamics Processor; PC Direct-Neural Interface; PC Direct-Neural Interface Optimization Submodule; Embedded Netburner Module Analyze Engine; Graphene Bionic Legs Upgrade; Embedded Netburner Module Core V2 Upgrade; Embedded Netburner Module Direct Memory Access Upgrade,10
ECorp,Graphene Bionic Spine Upgrade,1625000,12000000000,Combat,0.0,NeuroFlux Governor; Embedded Netburner Module; Embedded Netburner Module Core Implant; Social Dynamics Processor; PC Direct-Neural Interface; PC Direct-Neural Interface Optimization Submodule; Embedded Netburner Module Analyze Engine; Graphene Bionic Legs Upgrade; Embedded Netburner Module Core V2 Upgrade; Embedded Netburner Module Direct Memory Access Upgrade; ECorp HVMind Implant,11
ECorp,Embedded Netburner Module Core V3 Upgrade,1750000,15000000000,Hacking,5.1e-07,NeuroFlux Governor; Embedded Netburner Module; Embedded Netburner Module Core Implant; Social Dynamics Processor; PC Direct-Neural Interface; PC Direct-Neural Interface Optimization Submodule; Embedded Netburner Module Analyze Engine; Graphene Bionic Legs Upgrade; Embedded Netburner Module Core V2 Upgrade; Embedded Netburner Module Direct Memory Access Upgrade; ECorp HVMind Implant; Graphene Bionic Spine Upgrade,12
Four Sigma,NeuroFlux Governor,500,1500000,Charisma; Combat; Hacking; Hacknet; Money/Work; Reputation,0.00031929,,0
Four Sigma,Speech Enhancement,2500,25000000,Charisma; Reputation,4e-05,NeuroFlux Governor,1
Four Sigma,ADR-V1 Pheromone Gene,3750,35000000,Charisma; Reputation,5.333e-05,NeuroFlux Governor; Speech Enhancement,2
Four Sigma,Nuoptimal Nootropic Injector Implant,5000,40000000,Charisma; Reputation,4e-05,NeuroFlux Governor; Speech Enhancement; ADR-V1 Pheromone Gene,3
Four Sigma,Neurotrainer III,25000,260000000,Charisma; Combat; Hacking,8e-06,NeuroFlux Governor; Speech Enhancement; ADR-V1 Pheromone Gene; Nuoptimal Nootropic Injector Implant,4
Four Sigma,Neuralstimulator,50000,6000000000,Hacking,4.8e-06,NeuroFlux Governor; Speech Enhancement; ADR-V1 Pheromone Gene; Nuoptimal Nootropic Injector Implant; Neurotrainer III,5
Four Sigma,ADR-V2 Pheromone Gene,62500,1100000000,Charisma; Reputation,6.4e-06,NeuroFlux Governor; Speech Enhancement; ADR-V1 Pheromone Gene; Nuoptimal Nootropic Injector Implant; Neurotrainer III; Neuralstimulator,6
Four Sigma,FocusWire,75000,1800000000,Charisma; Combat; Hacking; Money/Work; Reputation,4.67e-06,NeuroFlux Governor; Speech Enhancement; ADR-V1 Pheromone Gene; Nuoptimal Nootropic Injector Implant; Neurotrainer III; Neuralstimulator; ADR-V2 Pheromone Gene,7
Four Sigma,Enhanced Social Interaction Implant,375000,2750000000,Charisma,0.0,NeuroFlux Governor; Speech Enhancement; ADR-V1 Pheromone Gene; Nuoptimal Nootropic Injector Implant; Neurotrainer III; Neuralstimulator; ADR-V2 Pheromone Gene; FocusWire; PC Direct-Neural Interface,9
Four Sigma,PC Direct-Neural Interface,375000,7500000000,Hacking; Reputation,1.01e-06,NeuroFlux Governor; Speech Enhancement; ADR-V1 Pheromone Gene; Nuoptimal Nootropic Injector Implant; Neurotrainer III; Neuralstimulator; ADR-V2 Pheromone Gene; FocusWire; Enhanced Social Interaction Implant,9
Fulcrum Secret Technologies,NeuroFlux Governor,500,1500000,Charisma; Combat; Hacking; Hacknet; Money/Work; Reputation,0.00031929,,0
Fulcrum Secret Technologies,Embedded Netburner Module,15000,500000000,Hacking,5.33e-06,NeuroFlux Governor,1
Fulcrum Secret Technologies,Nanofiber Weave,37500,250000000,Charisma; Combat,0.0,NeuroFlux Governor; Embedded Netburner Module,2
Fulcrum Secret Technologies,Enhanced Myelin Sheathing,100000,2750000000,Hacking,2.1e-06,NeuroFlux Governor; Embedded Netburner Module; Nanofiber Weave,3
Fulcrum Secret Technologies,Embedded Netburner Module Core Implant,175000,5000000000,Hacking,1.71e-06,NeuroFlux Governor; Embedded Netburner Module; Nanofiber Weave; Enhanced Myelin Sheathing,4
Fulcrum Secret Technologies,Artificial Bio-neural Network Implant,275000,6000000000,Hacking,1.09e-06,NeuroFlux Governor; Embedded Netburner Module; Nanofiber Weave; Enhanced Myelin Sheathing; Embedded Netburner Module Core Implant,5
Fulcrum Secret Technologies,Synfibril Muscle,437500,2250000000,Combat,0.0,NeuroFlux Governor; Embedded Netburner Module; Nanofiber Weave; Enhanced Myelin Sheathing; Embedded Netburner Module Core Implant; Artificial Bio-neural Network Implant,6
Fulcrum Secret Technologies,PC Direct-Neural Interface Optimization Submodule,500000,9000000000,Hacking; Reputation,1.7e-06,NeuroFlux Governor; Embedded Netburner Module; Nanofiber Weave; Enhanced Myelin Sheathing; Embedded Netburner Module Core Implant; Artificial Bio-neural Network Implant; Synfibril Muscle,7
Fulcrum Secret Technologies,Embedded Netburner Module Analyze Engine,625000,12000000000,Hacking,1.6e-07,NeuroFlux Governor; Embedded Netburner Module; Nanofiber Weave; Enhanced Myelin Sheathing; Embedded Netburner Module Core Implant; Artificial Bio-neural Network Implant; Synfibril Muscle; PC Direct-Neural Interface Optimization Submodule,8
Fulcrum Secret Technologies,Synthetic Heart,750000,5750000000,Charisma; Combat,0.0,NeuroFlux Governor; Embedded Netburner Module; Nanofiber Weave; Enhanced Myelin Sheathing; Embedded Netburner Module Core Implant; Artificial Bio-neural Network Implant; Synfibril Muscle; PC Direct-Neural Interface Optimization Submodule; Embedded Netburner Module Analyze Engine; Graphene Bionic Legs Upgrade,10
Fulcrum Secret Technologies,Graphene Bionic Legs Upgrade,750000,9000000000,Combat,0.0,NeuroFlux Governor; Embedded Netburner Module; Nanofiber Weave; Enhanced Myelin Sheathing; Embedded Netburner Module Core Implant; Artificial Bio-neural Network Implant; Synfibril Muscle; PC Direct-Neural Interface Optimization Submodule; Embedded Netburner Module Analyze Engine; Synthetic Heart,10
Fulcrum Secret Technologies,NEMEAN Subdermal Weave,875000,6500000000,Combat,0.0,NeuroFlux Governor; Embedded Netburner Module; Nanofiber Weave; Enhanced Myelin Sheathing; Embedded Netburner Module Core Implant; Artificial Bio-neural Network Implant; Synfibril Muscle; PC Direct-Neural Interface Optimization Submodule; Embedded Netburner Module Analyze Engine; Synthetic Heart; Graphene Bionic Legs Upgrade,11
Fulcrum Secret Technologies,Embedded Netburner Module Core V2 Upgrade,1000000,9000000000,Hacking,6.3e-07,NeuroFlux Governor; Embedded Netburner Module; Nanofiber Weave; Enhanced Myelin Sheathing; Embedded Netburner Module Core Implant; Artificial Bio-neural Network Implant; Synfibril Muscle; PC Direct-Neural Interface Optimization Submodule; Embedded Netburner Module Analyze Engine; Synthetic Heart; Graphene Bionic Legs Upgrade; NEMEAN Subdermal Weave; Embedded Netburner Module Direct Memory Access Upgrade,13
Fulcrum Secret Technologies,Embedded Netburner Module Direct Memory Access Upgrade,1000000,14000000000,Hacking,6e-07,NeuroFlux Governor; Embedded Netburner Module; Nanofiber Weave; Enhanced Myelin Sheathing; Embedded Netburner Module Core Implant; Artificial Bio-neural Network Implant; Synfibril Muscle; PC Direct-Neural Interface Optimization Submodule; Embedded Netburner Module Analyze Engine; Synthetic Heart; Graphene Bionic Legs Upgrade; NEMEAN Subdermal Weave; Embedded Netburner Module Core V2 Upgrade,13
Fulcrum Secret Technologies,Graphene Bone Lacings,1125000,8500000000,Combat,0.0,NeuroFlux Governor; Embedded Netburner Module; Nanofiber Weave; Enhanced Myelin Sheathing; Embedded Netburner Module Core Implant; Artificial Bio-neural Network Implant; Synfibril Muscle; PC Direct-Neural Interface Optimization Submodule; Embedded Netburner Module Analyze Engine; Synthetic Heart; Graphene Bionic Legs Upgrade; NEMEAN Subdermal Weave; Embedded Netburner Module Core V2 Upgrade; Embedded Netburner Module Direct Memory Access Upgrade,14
Fulcrum Secret Technologies,PC Direct-Neural Interface NeuroNet Injector,1500000,15000000000,Hacking; Reputation,7.7e-07,NeuroFlux Governor; Embedded Netburner Module; Nanofiber Weave; Enhanced Myelin Sheathing; Embedded Netburner Module Core Implant; Artificial Bio-neural Network Implant; Synfibril Muscle; PC Direct-Neural Interface Optimization Submodule; Embedded Netburner Module Analyze Engine; Synthetic Heart; Graphene Bionic Legs Upgrade; NEMEAN Subdermal Weave; Embedded Netburner Module Core V2 Upgrade; Embedded Netburner Module Direct Memory Access Upgrade; Graphene Bone Lacings,15
Fulcrum Secret Technologies,Graphene Bionic Spine Upgrade,1625000,12000000000,Combat,0.0,NeuroFlux Governor; Embedded Netburner Module; Nanofiber Weave; Enhanced Myelin Sheathing; Embedded Netburner Module Core Implant; Artificial Bio-neural Network Implant; Synfibril Muscle; PC Direct-Neural Interface Optimization Submodule; Embedded Netburner Module Analyze Engine; Synthetic Heart; Graphene Bionic Legs Upgrade; NEMEAN Subdermal Weave; Embedded Netburner Module Core V2 Upgrade; Embedded Netburner Module Direct Memory Access Upgrade; Graphene Bone Lacings; PC Direct-Neural Interface NeuroNet Injector,16
Fulcrum Secret Technologies,Embedded Netburner Module Core V3 Upgrade,1750000,15000000000,Hacking,5.1e-07,NeuroFlux Governor; Embedded Netburner Module; Nanofiber Weave; Enhanced Myelin Sheathing; Embedded Netburner Module Core Implant; Artificial Bio-neural Network Implant; Synfibril Muscle; PC Direct-Neural Interface Optimization Submodule; Embedded Netburner Module Analyze Engine; Synthetic Heart; Graphene Bionic Legs Upgrade; NEMEAN Subdermal Weave; Embedded Netburner Module Core V2 Upgrade; Embedded Netburner Module Direct Memory Access Upgrade; Graphene Bone Lacings; PC Direct-Neural Interface NeuroNet Injector; Graphene Bionic Spine Upgrade,17
Illuminati,NeuroFlux Governor,500,1500000,Charisma; Combat; Hacking; Hacknet; Money/Work; Reputation,0.00031929,,0
Illuminati,Synfibril Muscle,437500,2250000000,Combat,0.0,NeuroFlux Governor,1
Illuminati,Embedded Netburner Module Analyze Engine,625000,12000000000,Hacking,1.6e-07,NeuroFlux Governor; Synfibril Muscle,2
Illuminati,Synthetic Heart,750000,5750000000,Charisma; Combat,0.0,NeuroFlux Governor; Synfibril Muscle; Embedded Netburner Module Analyze Engine,3
Illuminati,NEMEAN Subdermal Weave,875000,6500000000,Combat,0.0,NeuroFlux Governor; Synfibril Muscle; Embedded Netburner Module Analyze Engine; Synthetic Heart,4
Illuminati,Embedded Netburner Module Direct Memory Access Upgrade,1000000,14000000000,Hacking,6e-07,NeuroFlux Governor; Synfibril Muscle; Embedded Netburner Module Analyze Engine; Synthetic Heart; NEMEAN Subdermal Weave,5
Illuminati,Embedded Netburner Module Core V3 Upgrade,1750000,15000000000,Hacking,5.1e-07,NeuroFlux Governor; Synfibril Muscle; Embedded Netburner Module Analyze Engine; Synthetic Heart; NEMEAN Subdermal Weave; Embedded Netburner Module Direct Memory Access Upgrade,6
Illuminati,QLink,1875000,50000000000000,Hacking,3.33e-06,NeuroFlux Governor; Synfibril Muscle; Embedded Netburner Module Analyze Engine; Synthetic Heart; NEMEAN Subdermal Weave; Embedded Netburner Module Direct Memory Access Upgrade; Embedded Netburner Module Core V3 Upgrade,7
Ishima,NeuroFlux Governor,500,1500000,Charisma; Combat; Hacking; Hacknet; Money/Work; Reputation,0.00031929,,0
Ishima,Wired Reflexes,1250,5000000,Combat,0.0,NeuroFlux Governor,1
Ishima,Augmented Targeting I,5000,30000000,Combat,0.0,NeuroFlux Governor; Wired Reflexes,2
Ishima,Combat Rib I,7500,47500000,Combat,0.0,NeuroFlux Governor; Wired Reflexes; Augmented Targeting I; Speech Processor Implant; INFRARET Enhancement,5
Ishima,Speech Processor Implant,7500,100000000,Charisma,0.0,NeuroFlux Governor; Wired Reflexes; Augmented Targeting I; Combat Rib I; INFRARET Enhancement,5
Ishima,INFRARET Enhancement,7500,60000000,Combat; Money/Work,4.667e-05,NeuroFlux Governor; Wired Reflexes; Augmented Targeting I; Combat Rib I; Speech Processor Implant,5
Ishima,Neuralstimulator,50000,6000000000,Hacking,4.8e-06,NeuroFlux Governor; Wired Reflexes; Augmented Targeting I; Combat Rib I; Speech Processor Implant; INFRARET Enhancement,6
KuaiGong International,NeuroFlux Governor,500,1500000,Charisma; Combat; Hacking; Hacknet; Money/Work; Reputation,0.00031929,,0
KuaiGong International,Speech Enhancement,2500,25000000,Charisma; Reputation,4e-05,NeuroFlux Governor,1
KuaiGong International,Augmented Targeting I,5000,30000000,Combat,0.0,NeuroFlux Governor; Speech Enhancement,2
KuaiGong International,Combat Rib I,7500,47500000,Combat,0.0,NeuroFlux Governor; Speech Enhancement; Augmented Targeting I,3
KuaiGong International,Augmented Targeting II,8750,85000000,Combat,0.0,NeuroFlux Governor; Speech Enhancement; Augmented Targeting I; Combat Rib I,4
KuaiGong International,Combat Rib II,18750,130000000,Combat,0.0,NeuroFlux Governor; Speech Enhancement; Augmented Targeting I; Combat Rib I; Augmented Targeting II,5
KuaiGong International,Augmented Targeting III,27500,230000000,Combat,0.0,NeuroFlux Governor; Speech Enhancement; Augmented Targeting I; Combat Rib I; Augmented Targeting II; Combat Rib II,6
KuaiGong International,Combat Rib III,35000,240000000,Combat,0.0,NeuroFlux Governor; Speech Enhancement; Augmented Targeting I; Combat Rib I; Augmented Targeting II; Combat Rib II; Augmented Targeting III,7
KuaiGong International,Bionic Spine,45000,250000000,Combat,0.0,NeuroFlux Governor; Speech Enhancement; Augmented Targeting I; Combat Rib I; Augmented Targeting II; Combat Rib II; Augmented Targeting III; Combat Rib III,8
KuaiGong International,FocusWire,75000,1800000000,Charisma; Combat; Hacking; Money/Work; Reputation,4.67e-06,NeuroFlux Governor; Speech Enhancement; Augmented Targeting I; Combat Rib I; Augmented Targeting II; Combat Rib II; Augmented Targeting III; Combat Rib III; Bionic Spine,9
KuaiGong International,Bionic Legs,150000,750000000,Combat,0.0,NeuroFlux Governor; Speech Enhancement; Augmented Targeting I; Combat Rib I; Augmented Targeting II; Combat Rib II; Augmented Targeting III; Combat Rib III; Bionic Spine; FocusWire; HyperSight Corneal Implant,11
KuaiGong International,HyperSight Corneal Implant,150000,5500000000,Charisma; Combat; Hacking,8.7e-07,NeuroFlux Governor; Speech Enhancement; Augmented Targeting I; Combat Rib I; Augmented Targeting II; Combat Rib II; Augmented Targeting III; Combat Rib III; Bionic Spine; FocusWire; Bionic Legs,11
KuaiGong International,Synfibril Muscle,437500,2250000000,Combat,0.0,NeuroFlux Governor; Speech Enhancement; Augmented Targeting I; Combat Rib I; Augmented Targeting II; Combat Rib II; Augmented Targeting III; Combat Rib III; Bionic Spine; FocusWire; Bionic Legs; HyperSight Corneal Implant,12
KuaiGong International,Photosynthetic Cells,562500,5500000000,Charisma; Combat,0.0,NeuroFlux Governor; Speech Enhancement; Augmented Targeting I; Combat Rib I; Augmented Targeting II; Combat Rib II; Augmented Targeting III; Combat Rib III; Bionic Spine; FocusWire; Bionic Legs; HyperSight Corneal Implant; Synfibril Muscle,13
KuaiGong International,Synthetic Heart,750000,5750000000,Charisma; Combat,0.0,NeuroFlux Governor; Speech Enhancement; Augmented Targeting I; Combat Rib I; Augmented Targeting II; Combat Rib II; Augmented Targeting III; Combat Rib III; Bionic Spine; FocusWire; Bionic Legs; HyperSight Corneal Implant; Synfibril Muscle; Photosynthetic Cells,14
KuaiGong International,Embedded Netburner Module Core V2 Upgrade,1000000,9000000000,Hacking,6.3e-07,NeuroFlux Governor; Speech Enhancement; Augmented Targeting I; Combat Rib I; Augmented Targeting II; Combat Rib II; Augmented Targeting III; Combat Rib III; Bionic Spine; FocusWire; Bionic Legs; HyperSight Corneal Implant; Synfibril Muscle; Photosynthetic Cells; Synthetic Heart,15
MegaCorp,NeuroFlux Governor,500,1500000,Charisma; Combat; Hacking; Hacknet; Money/Work; Reputation,0.00031929,,0
MegaCorp,ADR-V1 Pheromone Gene,3750,35000000,Charisma; Reputation,5.333e-05,NeuroFlux Governor,1
MegaCorp,Embedded Netburner Module,15000,500000000,Hacking,5.33e-06,NeuroFlux Governor; ADR-V1 Pheromone Gene,2
MegaCorp,Embedded Netburner Module Core Implant,175000,5000000000,Hacking,1.71e-06,NeuroFlux Governor; ADR-V1 Pheromone Gene; Embedded Netburner Module,3
MegaCorp,Social Dynamics Processor,225000,2400000000,Charisma; Reputation,1.33e-06,NeuroFlux Governor; ADR-V1 Pheromone Gene; Embedded Netburner Module; Embedded Netburner Module Core Implant,4
MegaCorp,Embedded Netburner Module Analyze Engine,625000,12000000000,Hacking,1.6e-07,NeuroFlux Governor; ADR-V1 Pheromone Gene; Embedded Netburner Module; Embedded Netburner Module Core Implant; Social Dynamics Processor,5
MegaCorp,Graphene Bionic Legs Upgrade,750000,9000000000,Combat,0.0,NeuroFlux Governor; ADR-V1 Pheromone Gene; Embedded Netburner Module; Embedded Netburner Module Core Implant; Social Dynamics Processor; Embedded Netburner Module Analyze Engine,6
MegaCorp,Embedded Netburner Module Core V2 Upgrade,1000000,9000000000,Hacking,6.3e-07,NeuroFlux Governor; ADR-V1 Pheromone Gene; Embedded Netburner Module; Embedded Netburner Module Core Implant; Social Dynamics Processor; Embedded Netburner Module Analyze Engine; Graphene Bionic Legs Upgrade; Embedded Netburner Module Direct Memory Access Upgrade,8
MegaCorp,Embedded Netburner Module Direct Memory Access Upgrade,1000000,14000000000,Hacking,6e-07,NeuroFlux Governor; ADR-V1 Pheromone Gene; Embedded Netburner Module; Embedded Netburner Module Core Implant; Social Dynamics Processor; Embedded Netburner Module Analyze Engine; Graphene Bionic Legs Upgrade; Embedded Netburner Module Core V2 Upgrade,8
MegaCorp,CordiARC Fusion Reactor,1125000,10000000000,Combat,0.0,NeuroFlux Governor; ADR-V1 Pheromone Gene; Embedded Netburner Module; Embedded Netburner Module Core Implant; Social Dynamics Processor; Embedded Netburner Module Analyze Engine; Graphene Bionic Legs Upgrade; Embedded Netburner Module Core V2 Upgrade; Embedded Netburner Module Direct Memory Access Upgrade,9
MegaCorp,Embedded Netburner Module Core V3 Upgrade,1750000,15000000000,Hacking,5.1e-07,NeuroFlux Governor; ADR-V1 Pheromone Gene; Embedded Netburner Module; Embedded Netburner Module Core Implant; Social Dynamics Processor; Embedded Netburner Module Analyze Engine; Graphene Bionic Legs Upgrade; Embedded Netburner Module Core V2 Upgrade; Embedded Netburner Module Direct Memory Access Upgrade; CordiARC Fusion Reactor,10
NWO,NeuroFlux Governor,500,1500000,Charisma; Combat; Hacking; Hacknet; Money/Work; Reputation,0.00031929,,0
NWO,ADR-V1 Pheromone Gene,3750,35000000,Charisma; Reputation,5.333e-05,NeuroFlux Governor,1
NWO,Embedded Netburner Module,15000,500000000,Hacking,5.33e-06,NeuroFlux Governor; ADR-V1 Pheromone Gene,2
NWO,Neurotrainer III,25000,260000000,Charisma; Combat; Hacking,8e-06,NeuroFlux Governor; ADR-V1 Pheromone Gene; Embedded Netburner Module; Power Recirculation Core,4
NWO,Power Recirculation Core,25000,360000000,Charisma; Combat; Hacking,6e-06,NeuroFlux Governor; ADR-V1 Pheromone Gene; Embedded Netburner Module; Neurotrainer III,4
NWO,Embedded Netburner Module Core Implant,175000,5000000000,Hacking,1.71e-06,NeuroFlux Governor; ADR-V1 Pheromone Gene; Embedded Netburner Module; Neurotrainer III; Power Recirculation Core,5
NWO,Enhanced Social Interaction Implant,375000,2750000000,Charisma,0.0,NeuroFlux Governor; ADR-V1 Pheromone Gene; Embedded Netburner Module; Neurotrainer III; Power Recirculation Core; Embedded Netburner Module Core Implant,6
NWO,Synfibril Muscle,437500,2250000000,Combat,0.0,NeuroFlux Governor; ADR-V1 Pheromone Gene; Embedded Netburner Module; Neurotrainer III; Power Recirculation Core; Embedded Netburner Module Core Implant; Enhanced Social Interaction Implant,7
NWO,Embedded Netburner Module Analyze Engine,625000,12000000000,Hacking,1.6e-07,NeuroFlux Governor; ADR-V1 Pheromone Gene; Embedded Netburner Module; Neurotrainer III; Power Recirculation Core; Embedded Netburner Module Core Implant; Enhanced Social Interaction Implant; Synfibril Muscle,8
NWO,Synthetic Heart,750000,5750000000,Charisma; Combat,0.0,NeuroFlux Governor; ADR-V1 Pheromone Gene; Embedded Netburner Module; Neurotrainer III; Power Recirculation Core; Embedded Netburner Module Core Implant; Enhanced Social Interaction Implant; Synfibril Muscle; Embedded Netburner Module Analyze Engine,9
NWO,Xanipher,875000,8500000000,Charisma; Combat; Hacking,4e-07,NeuroFlux Governor; ADR-V1 Pheromone Gene; Embedded Netburner Module; Neurotrainer III; Power Recirculation Core; Embedded Netburner Module Core Implant; Enhanced Social Interaction Implant; Synfibril Muscle; Embedded Netburner Module Analyze Engine; Synthetic Heart,10
NWO,Embedded Netburner Module Core V2 Upgrade,1000000,9000000000,Hacking,6.3e-07,NeuroFlux Governor; ADR-V1 Pheromone Gene; Embedded Netburner Module; Neurotrainer III; Power Recirculation Core; Embedded Netburner Module Core Implant; Enhanced Social Interaction Implant; Synfibril Muscle; Embedded Netburner Module Analyze Engine; Synthetic Heart; Xanipher; Embedded Netburner Module Direct Memory Access Upgrade,12
NWO,Embedded Netburner Module Direct Memory Access Upgrade,1000000,14000000000,Hacking,6e-07,NeuroFlux Governor; ADR-V1 Pheromone Gene; Embedded Netburner Module; Neurotrainer III; Power Recirculation Core; Embedded Netburner Module Core Implant; Enhanced Social Interaction Implant; Synfibril Muscle; Embedded Netburner Module Analyze Engine; Synthetic Heart; Xanipher; Embedded Netburner Module Core V2 Upgrade,12
NWO,Hydroflame Left Arm,1250000,5000000000000,Combat,0.0,NeuroFlux Governor; ADR-V1 Pheromone Gene; Embedded Netburner Module; Neurotrainer III; Power Recirculation Core; Embedded Netburner Module Core Implant; Enhanced Social Interaction Implant; Synfibril Muscle; Embedded Netburner Module Analyze Engine; Synthetic Heart; Xanipher; Embedded Netburner Module Core V2 Upgrade; Embedded Netburner Module Direct Memory Access Upgrade,13
NWO,Embedded Netburner Module Core V3 Upgrade,1750000,15000000000,Hacking,5.1e-07,NeuroFlux Governor; ADR-V1 Pheromone Gene; Embedded Netburner Module; Neurotrainer III; Power Recirculation Core; Embedded Netburner Module Core Implant; Enhanced Social Interaction Implant; Synfibril Muscle; Embedded Netburner Module Analyze Engine; Synthetic Heart; Xanipher; Embedded Netburner Module Core V2 Upgrade; Embedded Netburner Module Direct Memory Access Upgrade; Hydroflame Left Arm,14
Netburners,NeuroFlux Governor,500,1500000,Charisma; Combat; Hacking; Hacknet; Money/Work; Reputation,0.00031929,,0
Netburners,Hacknet Node NIC Architecture Neural-Upload,1875,9000000,Hacknet,0.00010667,NeuroFlux Governor,1
Netburners,Hacknet Node Cache Architecture Neural-Upload,2500,11000000,Hacknet,0.0001,NeuroFlux Governor; Hacknet Node NIC Architecture Neural-Upload,2
Netburners,Hacknet Node CPU Architecture Neural-Upload,3750,22000000,Hacknet,8e-05,NeuroFlux Governor; Hacknet Node NIC Architecture Neural-Upload; Hacknet Node Cache Architecture Neural-Upload,3
Netburners,Hacknet Node Kernel Direct-Neural Interface,7500,80000000,Hacknet,3.333e-05,NeuroFlux Governor; Hacknet Node NIC Architecture Neural-Upload; Hacknet Node Cache Architecture Neural-Upload; Hacknet Node CPU Architecture Neural-Upload,4
Netburners,Hacknet Node Core Direct-Neural Interface,12500,120000000,Hacknet,3.6e-05,NeuroFlux Governor; Hacknet Node NIC Architecture Neural-Upload; Hacknet Node Cache Architecture Neural-Upload; Hacknet Node CPU Architecture Neural-Upload; Hacknet Node Kernel Direct-Neural Interface,5
New Tokyo,NeuroFlux Governor,500,1500000,Charisma; Combat; Hacking; Hacknet; Money/Work; Reputation,0.00031929,,0
New Tokyo,Nuoptimal Nootropic Injector Implant,5000,40000000,Charisma; Reputation,4e-05,NeuroFlux Governor,1
New Tokyo,NutriGen Implant,6250,5000000,Combat,0.0,NeuroFlux Governor; Nuoptimal Nootropic Injector Implant,2
New Tokyo,Speech Processor Implant,7500,100000000,Charisma,0.0,NeuroFlux Governor; Nuoptimal Nootropic Injector Implant; NutriGen Implant,3
New Tokyo,Neuralstimulator,50000,6000000000,Hacking,4.8e-06,NeuroFlux Governor; Nuoptimal Nootropic Injector Implant; NutriGen Implant; Speech Processor Implant,4
New Tokyo,DataJack,112500,900000000,Hacking,2.22e-06,NeuroFlux Governor; Nuoptimal Nootropic Injector Implant; NutriGen Implant; Speech Processor Implant; Neuralstimulator,5
NiteSec,NeuroFlux Governor,500,1500000,Charisma; Combat; Hacking; Hacknet; Money/Work; Reputation,0.00031929,,0
NiteSec,BitWire,3750,20000000,Hacking,1.333e-05,NeuroFlux Governor,1
NiteSec,Artificial Synaptic Potentiation,6250,160000000,Hacking,1.92e-05,NeuroFlux Governor; BitWire,2
NiteSec,Cranial Signal Processors - Gen I,10000,140000000,Hacking,6e-06,NeuroFlux Governor; BitWire; Artificial Synaptic Potentiation; Neurotrainer II,4
NiteSec,Neurotrainer II,10000,90000000,Charisma; Combat; Hacking,1.5e-05,NeuroFlux Governor; BitWire; Artificial Synaptic Potentiation; Cranial Signal Processors - Gen I,4
NiteSec,Embedded Netburner Module,15000,500000000,Hacking,5.33e-06,NeuroFlux Governor; BitWire; Artificial Synaptic Potentiation; Cranial Signal Processors - Gen I; Neurotrainer II,5
NiteSec,Cranial Signal Processors - Gen II,18750,250000000,Hacking,7.47e-06,NeuroFlux Governor; BitWire; Artificial Synaptic Potentiation; Cranial Signal Processors - Gen I; Neurotrainer II; Embedded Netburner Module,6
NiteSec,Neural-Retention Enhancement,20000,500000000,Hacking,1.25e-05,NeuroFlux Governor; BitWire; Artificial Synaptic Potentiation; Cranial Signal Processors - Gen I; Neurotrainer II; Embedded Netburner Module; Cranial Signal Processors - Gen II,7
NiteSec,CRTX42-AA Gene Modification,45000,450000000,Hacking,5.11e-06,NeuroFlux Governor; BitWire; Artificial Synaptic Potentiation; Cranial Signal Processors - Gen I; Neurotrainer II; Embedded Netburner Module; Cranial Signal Processors - Gen II; Neural-Retention Enhancement,8
NiteSec,Cranial Signal Processors - Gen III,50000,1100000000,Hacking,5.2e-06,NeuroFlux Governor; BitWire; Artificial Synaptic Potentiation; Cranial Signal Processors - Gen I; Neurotrainer II; Embedded Netburner Module; Cranial Signal Processors - Gen II; Neural-Retention Enhancement; CRTX42-AA Gene Modification,9
NiteSec,DataJack,112500,900000000,Hacking,2.22e-06,NeuroFlux Governor; BitWire; Artificial Synaptic Potentiation; Cranial Signal Processors - Gen I; Neurotrainer II; Embedded Netburner Module; Cranial Signal Processors - Gen II; Neural-Retention Enhancement; CRTX42-AA Gene Modification; Cranial Signal Processors - Gen III,10
OmniTek Incorporated,NeuroFlux Governor,500,1500000,Charisma; Combat; Hacking; Hacknet; Money/Work; Reputation,0.00031929,,0
OmniTek Incorporated,Augmented Targeting I,5000,30000000,Combat,0.0,NeuroFlux Governor,1
OmniTek Incorporated,Combat Rib I,7500,47500000,Combat,0.0,NeuroFlux Governor; Augmented Targeting I,2
OmniTek Incorporated,Augmented Targeting II,8750,85000000,Combat,0.0,NeuroFlux Governor; Augmented Targeting I; Combat Rib I,3
OmniTek Incorporated,Combat Rib II,18750,130000000,Combat,0.0,NeuroFlux Governor; Augmented Targeting I; Combat Rib I; Augmented Targeting II,4
OmniTek Incorporated,Augmented Targeting III,27500,230000000,Combat,0.0,NeuroFlux Governor; Augmented Targeting I; Combat Rib I; Augmented Targeting II; Combat Rib II,5
OmniTek Incorporated,Combat Rib III,35000,240000000,Combat,0.0,NeuroFlux Governor; Augmented Targeting I; Combat Rib I; Augmented Targeting II; Combat Rib II; Augmented Targeting III,6
OmniTek Incorporated,Nanofiber Weave,37500,250000000,Charisma; Combat,0.0,NeuroFlux Governor; Augmented Targeting I; Combat Rib I; Augmented Targeting II; Combat Rib II; Augmented Targeting III; Combat Rib III,7
OmniTek Incorporated,Bionic Spine,45000,250000000,Combat,0.0,NeuroFlux Governor; Augmented Targeting I; Combat Rib I; Augmented Targeting II; Combat Rib II; Augmented Targeting III; Combat Rib III; Nanofiber Weave,8
OmniTek Incorporated,Bionic Legs,150000,750000000,Combat,0.0,NeuroFlux Governor; Augmented Targeting I; Combat Rib I; Augmented Targeting II; Combat Rib II; Augmented Targeting III; Combat Rib III; Nanofiber Weave; Bionic Spine,9
OmniTek Incorporated,Social Dynamics Processor,225000,2400000000,Charisma; Reputation,1.33e-06,NeuroFlux Governor; Augmented Targeting I; Combat Rib I; Augmented Targeting II; Combat Rib II; Augmented Targeting III; Combat Rib III; Nanofiber Weave; Bionic Spine; Bionic Legs,10
OmniTek Incorporated,Enhanced Social Interaction Implant,375000,2750000000,Charisma,0.0,NeuroFlux Governor; Augmented Targeting I; Combat Rib I; Augmented Targeting II; Combat Rib II; Augmented Targeting III; Combat Rib III; Nanofiber Weave; Bionic Spine; Bionic Legs; Social Dynamics Processor; PC Direct-Neural Interface,12
OmniTek Incorporated,PC Direct-Neural Interface,375000,7500000000,Hacking; Reputation,1.01e-06,NeuroFlux Governor; Augmented Targeting I; Combat Rib I; Augmented Targeting II; Combat Rib II; Augmented Targeting III; Combat Rib III; Nanofiber Weave; Bionic Spine; Bionic Legs; Social Dynamics Processor; Enhanced Social Interaction Implant,12
OmniTek Incorporated,OmniTek InfoLoad,625000,5750000000,Hacking,7.2e-07,NeuroFlux Governor; Augmented Targeting I; Combat Rib I; Augmented Targeting II; Combat Rib II; Augmented Targeting III; Combat Rib III; Nanofiber Weave; Bionic Spine; Bionic Legs; Social Dynamics Processor; Enhanced Social Interaction Implant; PC Direct-Neural Interface,13
OmniTek Incorporated,Embedded Netburner Module Core V2 Upgrade,1000000,9000000000,Hacking,6.3e-07,NeuroFlux Governor; Augmented Targeting I; Combat Rib I; Augmented Targeting II; Combat Rib II; Augmented Targeting III; Combat Rib III; Nanofiber Weave; Bionic Spine; Bionic Legs; Social Dynamics Processor; Enhanced Social Interaction Implant; PC Direct-Neural Interface; OmniTek InfoLoad,14
Sector-12,NeuroFlux Governor,500,1500000,Charisma; Combat; Hacking; Hacknet; Money/Work; Reputation,0.00031929,,0
Sector-12,Wired Reflexes,1250,5000000,Combat,0.0,NeuroFlux Governor,1
Sector-12,Augmented Targeting I,5000,30000000,Combat,0.0,NeuroFlux Governor; Wired Reflexes,2
Sector-12,Speech Processor Implant,7500,100000000,Charisma,0.0,NeuroFlux Governor; Wired Reflexes; Augmented Targeting I,3
Sector-12,Augmented Targeting II,8750,85000000,Combat,0.0,NeuroFlux Governor; Wired Reflexes; Augmented Targeting I; Speech Processor Implant,4
Sector-12,CashRoot Starter Kit,12500,250000000,,0.0,NeuroFlux Governor; Wired Reflexes; Augmented Targeting I; Speech Processor Implant; Augmented Targeting II,5
Sector-12,Neuralstimulator,50000,6000000000,Hacking,4.8e-06,NeuroFlux Governor; Wired Reflexes; Augmented Targeting I; Speech Processor Implant; Augmented Targeting II; CashRoot Starter Kit,6
Shadows of Anarchy,SoA - Might of Ares,10000,1000000,,0.0,SoA - Wisdom of Athena; SoA - Trickery of Hermes; SoA - Beauty of Aphrodite; SoA - Chaos of Dionysus; SoA - Flood of Poseidon; SoA - Hunt of Artemis; SoA - Knowledge of Apollo; SoA - phyzical WKS harmonizer,8
Shadows of Anarchy,SoA - Wisdom of Athena,10000,1000000,,0.0,SoA - Might of Ares; SoA - Trickery of Hermes; SoA - Beauty of Aphrodite; SoA - Chaos of Dionysus; SoA - Flood of Poseidon; SoA - Hunt of Artemis; SoA - Knowledge of Apollo; SoA - phyzical WKS harmonizer,8
Shadows of Anarchy,SoA - Trickery of Hermes,10000,1000000,,0.0,SoA - Might of Ares; SoA - Wisdom of Athena; SoA - Beauty of Aphrodite; SoA - Chaos of Dionysus; SoA - Flood of Poseidon; SoA - Hunt of Artemis; SoA - Knowledge of Apollo; SoA - phyzical WKS harmonizer,8
Shadows of Anarchy,SoA - Beauty of Aphrodite,10000,1000000,Charisma,0.0,SoA - Might of Ares; SoA - Wisdom of Athena; SoA - Trickery of Hermes; SoA - Chaos of Dionysus; SoA - Flood of Poseidon; SoA - Hunt of Artemis; SoA - Knowledge of Apollo; SoA - phyzical WKS harmonizer,8
Shadows of Anarchy,SoA - Chaos of Dionysus,10000,1000000,,0.0,SoA - Might of Ares; SoA - Wisdom of Athena; SoA - Trickery of Hermes; SoA - Beauty of Aphrodite; SoA - Flood of Poseidon; SoA - Hunt of Artemis; SoA - Knowledge of Apollo; SoA - phyzical WKS harmonizer,8
Shadows of Anarchy,SoA - Flood of Poseidon,10000,1000000,,0.0,SoA - Might of Ares; SoA - Wisdom of Athena; SoA - Trickery of Hermes; SoA - Beauty of Aphrodite; SoA - Chaos of Dionysus; SoA - Hunt of Artemis; SoA - Knowledge of Apollo; SoA - phyzical WKS harmonizer,8
Shadows of Anarchy,SoA - Hunt of Artemis,10000,1000000,,0.0,SoA - Might of Ares; SoA - Wisdom of Athena; SoA - Trickery of Hermes; SoA - Beauty of Aphrodite; SoA - Chaos of Dionysus; SoA - Flood of Poseidon; SoA - Knowledge of Apollo; SoA - phyzical WKS harmonizer,8
Shadows of Anarchy,SoA - Knowledge of Apollo,10000,1000000,,0.0,SoA - Might of Ares; SoA - Wisdom of Athena; SoA - Trickery of Hermes; SoA - Beauty of Aphrodite; SoA - Chaos of Dionysus; SoA - Flood of Poseidon; SoA - Hunt of Artemis; SoA - phyzical WKS harmonizer,8
Shadows of Anarchy,SoA - phyzical WKS harmonizer,10000,1000000,,0.0,SoA - Might of Ares; SoA - Wisdom of Athena; SoA - Trickery of Hermes; SoA - Beauty of Aphrodite; SoA - Chaos of Dionysus; SoA - Flood of Poseidon; SoA - Hunt of Artemis; SoA - Knowledge of Apollo,8
Silhouette,NeuroFlux Governor,500,1500000,Charisma; Combat; Hacking; Hacknet; Money/Work; Reputation,0.00031929,,0
Silhouette,Speech Processor Implant,7500,100000000,Charisma,0.0,NeuroFlux Governor,1
Silhouette,TITN-41 Gene-Modification Injection,25000,380000000,Charisma,0.0,NeuroFlux Governor; Speech Processor Implant,2
Silhouette,ADR-V2 Pheromone Gene,62500,1100000000,Charisma; Reputation,6.4e-06,NeuroFlux Governor; Speech Processor Implant; TITN-41 Gene-Modification Injection,3
Slum Snakes,NeuroFlux Governor,500,1500000,Charisma; Combat; Hacking; Hacknet; Money/Work; Reputation,0.00031929,,0
Slum Snakes,Wired Reflexes,1250,5000000,Combat,0.0,NeuroFlux Governor,1
Slum Snakes,LuminCloaking-V1 Skin Implant,1500,10000000,Charisma; Combat; Money/Work,6.667e-05,NeuroFlux Governor; Wired Reflexes,2
Slum Snakes,Augmented Targeting I,5000,30000000,Combat,0.0,NeuroFlux Governor; Wired Reflexes; LuminCloaking-V1 Skin Implant; LuminCloaking-V2 Skin Implant; Neural Wit Amplifier,5
Slum Snakes,LuminCloaking-V2 Skin Implant,5000,60000000,Charisma; Combat; Money/Work,5e-05,NeuroFlux Governor; Wired Reflexes; LuminCloaking-V1 Skin Implant; Augmented Targeting I; Neural Wit Amplifier,5
Slum Snakes,Neural Wit Amplifier,5000,20000000,Charisma; Reputation,1e-05,NeuroFlux Governor; Wired Reflexes; LuminCloaking-V1 Skin Implant; Augmented Targeting I; LuminCloaking-V2 Skin Implant,5
Slum Snakes,Combat Rib I,7500,47500000,Combat,0.0,NeuroFlux Governor; Wired Reflexes; LuminCloaking-V1 Skin Implant; Augmented Targeting I; LuminCloaking-V2 Skin Implant; Neural Wit Amplifier,6
Slum Snakes,SmartSonar Implant,22500,150000000,Combat; Money/Work,1.111e-05,NeuroFlux Governor; Wired Reflexes; LuminCloaking-V1 Skin Implant; Augmented Targeting I; LuminCloaking-V2 Skin Implant; Neural Wit Amplifier; Combat Rib I,7
Speakers for the Dead,NeuroFlux Governor,500,1500000,Charisma; Combat; Hacking; Hacknet; Money/Work; Reputation,0.00031929,,0
Speakers for the Dead,Wired Reflexes,1250,5000000,Combat,0.0,NeuroFlux Governor,1
Speakers for the Dead,Speech Enhancement,2500,25000000,Charisma; Reputation,4e-05,NeuroFlux Governor; Wired Reflexes,2
Speakers for the Dead,Eloquence Module,25000,500000000,Charisma; Money/Work,1.2e-05,NeuroFlux Governor; Wired Reflexes; Speech Enhancement,3
Speakers for the Dead,Nanofiber Weave,37500,250000000,Charisma; Combat,0.0,NeuroFlux Governor; Wired Reflexes; Speech Enhancement; Eloquence Module; The Shadow's Simulacrum,5
Speakers for the Dead,The Shadow's Simulacrum,37500,800000000,Reputation,8e-06,NeuroFlux Governor; Wired Reflexes; Speech Enhancement; Eloquence Module; Nanofiber Weave,5
Speakers for the Dead,Bionic Spine,45000,250000000,Combat,0.0,NeuroFlux Governor; Wired Reflexes; Speech Enhancement; Eloquence Module; Nanofiber Weave; The Shadow's Simulacrum,6
Speakers for the Dead,Golden Tongue Module,125000,250000000,Charisma,0.0,NeuroFlux Governor; Wired Reflexes; Speech Enhancement; Eloquence Module; Nanofiber Weave; The Shadow's Simulacrum; Bionic Spine,7
Speakers for the Dead,Bionic Legs,150000,750000000,Combat,0.0,NeuroFlux Governor; Wired Reflexes; Speech Enhancement; Eloquence Module; Nanofiber Weave; The Shadow's Simulacrum; Bionic Spine; Golden Tongue Module,8
Speakers for the Dead,Graphene BrachiBlades Upgrade,225000,5000000000,Combat; Money/Work,1.78e-06,NeuroFlux Governor; Wired Reflexes; Speech Enhancement; Eloquence Module; Nanofiber Weave; The Shadow's Simulacrum; Bionic Spine; Golden Tongue Module; Bionic Legs,9
Speakers for the Dead,Unstable Circadian Modulator,362500,10000000000,Hacknet,2.21e-06,NeuroFlux Governor; Wired Reflexes; Speech Enhancement; Eloquence Module; Nanofiber Weave; The Shadow's Simulacrum; Bionic Spine; Golden Tongue Module; Bionic Legs; Graphene BrachiBlades Upgrade,10
Speakers for the Dead,Synfibril Muscle,437500,2250000000,Combat,0.0,NeuroFlux Governor; Wired Reflexes; Speech Enhancement; Eloquence Module; Nanofiber Weave; The Shadow's Simulacrum; Bionic Spine; Golden Tongue Module; Bionic Legs; Graphene BrachiBlades Upgrade; Unstable Circadian Modulator,11
Speakers for the Dead,Synthetic Heart,750000,5750000000,Charisma; Combat,0.0,NeuroFlux Governor; Wired Reflexes; Speech Enhancement; Eloquence Module; Nanofiber Weave; The Shadow's Simulacrum; Bionic Spine; Golden Tongue Module; Bionic Legs; Graphene BrachiBlades Upgrade; Unstable Circadian Modulator; Synfibril Muscle,12
Tetrads,NeuroFlux Governor,500,1500000,Charisma; Combat; Hacking; Hacknet; Money/Work; Reputation,0.00031929,,0
Tetrads,LuminCloaking-V1 Skin Implant,1500,10000000,Charisma; Combat; Money/Work,6.667e-05,NeuroFlux Governor,1
Tetrads,LuminCloaking-V2 Skin Implant,5000,60000000,Charisma; Combat; Money/Work,5e-05,NeuroFlux Governor; LuminCloaking-V1 Skin Implant,2
Tetrads,HemoRecirculator,10000,90000000,Charisma; Combat,0.0,NeuroFlux Governor; LuminCloaking-V1 Skin Implant; LuminCloaking-V2 Skin Implant,3
Tetrads,Power Recirculation Core,25000,360000000,Charisma; Combat; Hacking,6e-06,NeuroFlux Governor; LuminCloaking-V1 Skin Implant; LuminCloaking-V2 Skin Implant; HemoRecirculator,4
Tetrads,Glibness Enhancement,40500,5000000000,Charisma; Reputation,2.47e-06,NeuroFlux Governor; LuminCloaking-V1 Skin Implant; LuminCloaking-V2 Skin Implant; HemoRecirculator; Power Recirculation Core,5
Tetrads,Bionic Arms,62500,550000000,Combat,0.0,NeuroFlux Governor; LuminCloaking-V1 Skin Implant; LuminCloaking-V2 Skin Implant; HemoRecirculator; Power Recirculation Core; Glibness Enhancement,6
The Black Hand,Neurotrainer I,1000,8000000,Charisma; Combat; Hacking,0.0001,,0
The Black Hand,Wired Reflexes,1250,5000000,Combat,0.0,Neurotrainer I,1
The Black Hand,LuminCloaking-V1 Skin Implant,1500,10000000,Charisma; Combat; Money/Work,6.667e-05,Neurotrainer I; Wired Reflexes,2
The Black Hand,Hacknet Node NIC Architecture Neural-Upload,1875,9000000,Hacknet,0.00010667,Neurotrainer I; Wired Reflexes; LuminCloaking-V1 Skin Implant,3
The Black Hand,Synaptic Enhancement Implant,2000,15000000,Hacking,1.5e-05,Neurotrainer I; Wired Reflexes; LuminCloaking-V1 Skin Implant; Hacknet Node NIC Architecture Neural-Upload,4
The Black Hand,Speech Enhancement,2500,25000000,Charisma; Reputation,4e-05,Neurotrainer I; Wired Reflexes; LuminCloaking-V1 Skin Implant; Hacknet Node NIC Architecture Neural-Upload; Synaptic Enhancement Implant,5
The Black Hand,BitWire,3750,20000000,Hacking,1.333e-05,Neurotrainer I; Wired Reflexes; LuminCloaking-V1 Skin Implant; Hacknet Node NIC Architecture Neural-Upload; Synaptic Enhancement Implant; Speech Enhancement; ADR-V1 Pheromone Gene,7
The Black Hand,ADR-V1 Pheromone Gene,3750,35000000,Charisma; Reputation,5.333e-05,Neurotrainer I; Wired Reflexes; LuminCloaking-V1 Skin Implant; Hacknet Node NIC Architecture Neural-Upload; Synaptic Enhancement Implant; Speech Enhancement; BitWire,7
The Black Hand,Augmented Targeting I,5000,30000000,Combat,0.0,Neurotrainer I; Wired Reflexes; LuminCloaking-V1 Skin Implant; Hacknet Node NIC Architecture Neural-Upload; Synaptic Enhancement Implant; Speech Enhancement; BitWire; ADR-V1 Pheromone Gene; Nuoptimal Nootropic Injector Implant; LuminCloaking-V2 Skin Implant; Neural Wit Amplifier,11
The Black Hand,Nuoptimal Nootropic Injector Implant,5000,40000000,Charisma; Reputation,4e-05,Neurotrainer I; Wired Reflexes; LuminCloaking-V1 Skin Implant; Hacknet Node NIC Architecture Neural-Upload; Synaptic Enhancement Implant; Speech Enhancement; BitWire; ADR-V1 Pheromone Gene; Augmented Targeting I; LuminCloaking-V2 Skin Implant; Neural Wit Amplifier,11
The Black Hand,LuminCloaking-V2 Skin Implant,5000,60000000,Charisma; Combat; Money/Work,5e-05,Neurotrainer I; Wired Reflexes; LuminCloaking-V1 Skin Implant; Hacknet Node NIC Architecture Neural-Upload; Synaptic Enhancement Implant; Speech Enhancement; BitWire; ADR-V1 Pheromone Gene; Augmented Targeting I; Nuoptimal Nootropic Injector Implant; Neural Wit Amplifier,11
The Black Hand,Neural Wit Amplifier,5000,20000000,Charisma; Reputation,1e-05,Neurotrainer I; Wired Reflexes; LuminCloaking-V1 Skin Implant; Hacknet Node NIC Architecture Neural-Upload; Synaptic Enhancement Implant; Speech Enhancement; BitWire; ADR-V1 Pheromone Gene; Augmented Targeting I; Nuoptimal Nootropic Injector Implant; LuminCloaking-V2 Skin Implant,11
The Black Hand,Artificial Synaptic Potentiation,6250,160000000,Hacking,1.92e-05,Neurotrainer I; Wired Reflexes; LuminCloaking-V1 Skin Implant; Hacknet Node NIC Architecture Neural-Upload; Synaptic Enhancement Implant; Speech Enhancement; BitWire; ADR-V1 Pheromone Gene; Augmented Targeting I; Nuoptimal Nootropic Injector Implant; LuminCloaking-V2 Skin Implant; Neural Wit Amplifier; NutriGen Implant; Social Negotiation Assistant (S.N.A),14
The Black Hand,NutriGen Implant,6250,5000000,Combat,0.0,Neurotrainer I; Wired Reflexes; LuminCloaking-V1 Skin Implant; Hacknet Node NIC Architecture Neural-Upload; Synaptic Enhancement Implant; Speech Enhancement; BitWire; ADR-V1 Pheromone Gene; Augmented Targeting I; Nuoptimal Nootropic Injector Implant; LuminCloaking-V2 Skin Implant; Neural Wit Amplifier; Artificial Synaptic Potentiation; Social Negotiation Assistant (S.N.A),14
The Black Hand,Social Negotiation Assistant (S.N.A),6250,60000000,Charisma; Money/Work; Reputation,6.4e-05,Neurotrainer I; Wired Reflexes; LuminCloaking-V1 Skin Implant; Hacknet Node NIC Architecture Neural-Upload; Synaptic Enhancement Implant; Speech Enhancement; BitWire; ADR-V1 Pheromone Gene; Augmented Targeting I; Nuoptimal Nootropic Injector Implant; LuminCloaking-V2 Skin Implant; Neural Wit Amplifier; Artificial Synaptic Potentiation; NutriGen Implant,14
The Black Hand,Combat Rib I,7500,47500000,Combat,0.0,Neurotrainer I; Wired Reflexes; LuminCloaking-V1 Skin Implant; Hacknet Node NIC Architecture Neural-Upload; Synaptic Enhancement Implant; Speech Enhancement; BitWire; ADR-V1 Pheromone Gene; Augmented Targeting I; Nuoptimal Nootropic Injector Implant; LuminCloaking-V2 Skin Implant; Neural Wit Amplifier; Artificial Synaptic Potentiation; NutriGen Implant; Social Negotiation Assistant (S.N.A); Speech Processor Implant; Hacknet Node Kernel Direct-Neural Interface; INFRARET Enhancement,18
The Black Hand,Speech Processor Implant,7500,100000000,Charisma,0.0,Neurotrainer I; Wired Reflexes; LuminCloaking-V1 Skin Implant; Hacknet Node NIC Architecture Neural-Upload; Synaptic Enhancement Implant; Speech Enhancement; BitWire; ADR-V1 Pheromone Gene; Augmented Targeting I; Nuoptimal Nootropic Injector Implant; LuminCloaking-V2 Skin Implant; Neural Wit Amplifier; Artificial Synaptic Potentiation; NutriGen Implant; Social Negotiation Assistant (S.N.A); Combat Rib I; Hacknet Node Kernel Direct-Neural Interface; INFRARET Enhancement,18
The Black Hand,Hacknet Node Kernel Direct-Neural Interface,7500,80000000,Hacknet,3.333e-05,Neurotrainer I; Wired Reflexes; LuminCloaking-V1 Skin Implant; Hacknet Node NIC Architecture Neural-Upload; Synaptic Enhancement Implant; Speech Enhancement; BitWire; ADR-V1 Pheromone Gene; Augmented Targeting I; Nuoptimal Nootropic Injector Implant; LuminCloaking-V2 Skin Implant; Neural Wit Amplifier; Artificial Synaptic Potentiation; NutriGen Implant; Social Negotiation Assistant (S.N.A); Combat Rib I; Speech Processor Implant; INFRARET Enhancement,18
The Black Hand,INFRARET Enhancement,7500,60000000,Combat; Money/Work,4.667e-05,Neurotrainer I; Wired Reflexes; LuminCloaking-V1 Skin Implant; Hacknet Node NIC Architecture Neural-Upload; Synaptic Enhancement Implant; Speech Enhancement; BitWire; ADR-V1 Pheromone Gene; Augmented Targeting I; Nuoptimal Nootropic Injector Implant; LuminCloaking-V2 Skin Implant; Neural Wit Amplifier; Artificial Synaptic Potentiation; NutriGen Implant; Social Negotiation Assistant (S.N.A); Combat Rib I; Speech Processor Implant; Hacknet Node Kernel Direct-Neural Interface,18
The Black Hand,Augmented Targeting II,8750,85000000,Combat,0.0,Neurotrainer I; Wired Reflexes; LuminCloaking-V1 Skin Implant; Hacknet Node NIC Architecture Neural-Upload; Synaptic Enhancement Implant; Speech Enhancement; BitWire; ADR-V1 Pheromone Gene; Augmented Targeting I; Nuoptimal Nootropic Injector Implant; LuminCloaking-V2 Skin Implant; Neural Wit Amplifier; Artificial Synaptic Potentiation; NutriGen Implant; Social Negotiation Assistant (S.N.A); Combat Rib I; Speech Processor Implant; Hacknet Node Kernel Direct-Neural Interface; INFRARET Enhancement,19
The Black Hand,Cranial Signal Processors - Gen I,10000,140000000,Hacking,6e-06,Neurotrainer I; Wired Reflexes; LuminCloaking-V1 Skin Implant; Hacknet Node NIC Architecture Neural-Upload; Synaptic Enhancement Implant; Speech Enhancement; BitWire; ADR-V1 Pheromone Gene; Augmented Targeting I; Nuoptimal Nootropic Injector Implant; LuminCloaking-V2 Skin Implant; Neural Wit Amplifier; Artificial Synaptic Potentiation; NutriGen Implant; Social Negotiation Assistant (S.N.A); Combat Rib I; Speech Processor Implant; Hacknet Node Kernel Direct-Neural Interface; INFRARET Enhancement; Augmented Targeting II; Neurotrainer II; HemoRecirculator,22
The Black Hand,Neurotrainer II,10000,90000000,Charisma; Combat; Hacking,1.5e-05,Neurotrainer I; Wired Reflexes; LuminCloaking-V1 Skin Implant; Hacknet Node NIC Architecture Neural-Upload; Synaptic Enhancement Implant; Speech Enhancement; BitWire; ADR-V1 Pheromone Gene; Augmented Targeting I; Nuoptimal Nootropic Injector Implant; LuminCloaking-V2 Skin Implant; Neural Wit Amplifier; Artificial Synaptic Potentiation; NutriGen Implant; Social Negotiation Assistant (S.N.A); Combat Rib I; Speech Processor Implant; Hacknet Node Kernel Direct-Neural Interface; INFRARET Enhancement; Augmented Targeting II; Cranial Signal Processors - Gen I; HemoRecirculator,22
The Black Hand,HemoRecirculator,10000,90000000,Charisma; Combat,0.0,Neurotrainer I; Wired Reflexes; LuminCloaking-V1 Skin Implant; Hacknet Node NIC Architecture Neural-Upload; Synaptic Enhancement Implant; Speech Enhancement; BitWire; ADR-V1 Pheromone Gene; Augmented Targeting I; Nuoptimal Nootropic Injector Implant; LuminCloaking-V2 Skin Implant; Neural Wit Amplifier; Artificial Synaptic Potentiation; NutriGen Implant; Social Negotiation Assistant (S.N.A); Combat Rib I; Speech Processor Implant; Hacknet Node Kernel Direct-Neural Interface; INFRARET Enhancement; Augmented Targeting II; Cranial Signal Processors - Gen I; Neurotrainer II,22
The Black Hand,Embedded Netburner Module,15000,500000000,Hacking,5.33e-06,Neurotrainer I; Wired Reflexes; LuminCloaking-V1 Skin Implant; Hacknet Node NIC Architecture Neural-Upload; Synaptic Enhancement Implant; Speech Enhancement; BitWire; ADR-V1 Pheromone Gene; Augmented Targeting I; Nuoptimal Nootropic Injector Implant; LuminCloaking-V2 Skin Implant; Neural Wit Amplifier; Artificial Synaptic Potentiation; NutriGen Implant; Social Negotiation Assistant (S.N.A); Combat Rib I; Speech Processor Implant; Hacknet Node Kernel Direct-Neural Interface; INFRARET Enhancement; Augmented Targeting II; Cranial Signal Processors - Gen I; Neurotrainer II; HemoRecirculator; Magnetism Amplifier,24
The Black Hand,Magnetism Amplifier,15000,500000000,Charisma; Reputation,6.67e-06,Neurotrainer I; Wired Reflexes; LuminCloaking-V1 Skin Implant; Hacknet Node NIC Architecture Neural-Upload; Synaptic Enhancement Implant; Speech Enhancement; BitWire; ADR-V1 Pheromone Gene; Augmented Targeting I; Nuoptimal Nootropic Injector Implant; LuminCloaking-V2 Skin Implant; Neural Wit Amplifier; Artificial Synaptic Potentiation; NutriGen Implant; Social Negotiation Assistant (S.N.A); Combat Rib I; Speech Processor Implant; Hacknet Node Kernel Direct-Neural Interface; INFRARET Enhancement; Augmented Targeting II; Cranial Signal Processors - Gen I; Neurotrainer II; HemoRecirculator; Embedded Netburner Module,24
The Black Hand,Combat Rib II,18750,130000000,Combat,0.0,Neurotrainer I; Wired Reflexes; LuminCloaking-V1 Skin Implant; Hacknet Node NIC Architecture Neural-Upload; Synaptic Enhancement Implant; Speech Enhancement; BitWire; ADR-V1 Pheromone Gene; Augmented Targeting I; Nuoptimal Nootropic Injector Implant; LuminCloaking-V2 Skin Implant; Neural Wit Amplifier; Artificial Synaptic Potentiation; NutriGen Implant; Social Negotiation Assistant (S.N.A); Combat Rib I; Speech Processor Implant; Hacknet Node Kernel Direct-Neural Interface; INFRARET Enhancement; Augmented Targeting II; Cranial Signal Processors - Gen I; Neurotrainer II; HemoRecirculator; Embedded Netburner Module; Magnetism Amplifier; Cranial Signal Processors - Gen II,26
The Black Hand,Cranial Signal Processors - Gen II,18750,250000000,Hacking,7.47e-06,Neurotrainer I; Wired Reflexes; LuminCloaking-V1 Skin Implant; Hacknet Node NIC Architecture Neural-Upload; Synaptic Enhancement Implant; Speech Enhancement; BitWire; ADR-V1 Pheromone Gene; Augmented Targeting I; Nuoptimal Nootropic Injector Implant; LuminCloaking-V2 Skin Implant; Neural Wit Amplifier; Artificial Synaptic Potentiation; NutriGen Implant; Social Negotiation Assistant (S.N.A); Combat Rib I; Speech Processor Implant; Hacknet Node Kernel Direct-Neural Interface; INFRARET Enhancement; Augmented Targeting II; Cranial Signal Processors - Gen I; Neurotrainer II; HemoRecirculator; Embedded Netburner Module; Magnetism Amplifier; Combat Rib II,26
The Black Hand,TITN-41 Gene-Modification Injection,25000,380000000,Charisma,0.0,Neurotrainer I; Wired Reflexes; LuminCloaking-V1 Skin Implant; Hacknet Node NIC Architecture Neural-Upload; Synaptic Enhancement Implant; Speech Enhancement; BitWire; ADR-V1 Pheromone Gene; Augmented Targeting I; Nuoptimal Nootropic Injector Implant; LuminCloaking-V2 Skin Implant; Neural Wit Amplifier; Artificial Synaptic Potentiation; NutriGen Implant; Social Negotiation Assistant (S.N.A); Combat Rib I; Speech Processor Implant; Hacknet Node Kernel Direct-Neural Interface; INFRARET Enhancement; Augmented Targeting II; Cranial Signal Processors - Gen I; Neurotrainer II; HemoRecirculator; Embedded Netburner Module; Magnetism Amplifier; Combat Rib II; Cranial Signal Processors - Gen II; Neurotrainer III; Power Recirculation Core; Eloquence Module,30
The Black Hand,Neurotrainer III,25000,260000000,Charisma; Combat; Hacking,8e-06,Neurotrainer I; Wired Reflexes; LuminCloaking-V1 Skin Implant; Hacknet Node NIC Architecture Neural-Upload; Synaptic Enhancement Implant; Speech Enhancement; BitWire; ADR-V1 Pheromone Gene; Augmented Targeting I; Nuoptimal Nootropic Injector Implant; LuminCloaking-V2 Skin Implant; Neural Wit Amplifier; Artificial Synaptic Potentiation; NutriGen Implant; Social Negotiation Assistant (S.N.A); Combat Rib I; Speech Processor Implant; Hacknet Node Kernel Direct-Neural Interface; INFRARET Enhancement; Augmented Targeting II; Cranial Signal Processors - Gen I; Neurotrainer II; HemoRecirculator; Embedded Netburner Module; Magnetism Amplifier; Combat Rib II; Cranial Signal Processors - Gen II; TITN-41 Gene-Modification Injection; Power Recirculation Core; Eloquence Module,30
The Black Hand,Power Recirculation Core,25000,360000000,Charisma; Combat; Hacking,6e-06,Neurotrainer I; Wired Reflexes; LuminCloaking-V1 Skin Implant; Hacknet Node NIC Architecture Neural-Upload; Synaptic Enhancement Implant; Speech Enhancement; BitWire; ADR-V1 Pheromone Gene; Augmented Targeting I; Nuoptimal Nootropic Injector Implant; LuminCloaking-V2 Skin Implant; Neural Wit Amplifier; Artificial Synaptic Potentiation; NutriGen Implant; Social Negotiation Assistant (S.N.A); Combat Rib I; Speech Processor Implant; Hacknet Node Kernel Direct-Neural Interface; INFRARET Enhancement; Augmented Targeting II; Cranial Signal Processors - Gen I; Neurotrainer II; HemoRecirculator; Embedded Netburner Module; Magnetism Amplifier; Combat Rib II; Cranial Signal Processors - Gen II; TITN-41 Gene-Modification Injection; Neurotrainer III; Eloquence Module,30
The Black Hand,Eloquence Module,25000,500000000,Charisma; Money/Work,1.2e-05,Neurotrainer I; Wired Reflexes; LuminCloaking-V1 Skin Implant; Hacknet Node NIC Architecture Neural-Upload; Synaptic Enhancement Implant; Speech Enhancement; BitWire; ADR-V1 Pheromone Gene; Augmented Targeting I; Nuoptimal Nootropic Injector Implant; LuminCloaking-V2 Skin Implant; Neural Wit Amplifier; Artificial Synaptic Potentiation; NutriGen Implant; Social Negotiation Assistant (S.N.A); Combat Rib I; Speech Processor Implant; Hacknet Node Kernel Direct-Neural Interface; INFRARET Enhancement; Augmented Targeting II; Cranial Signal Processors - Gen I; Neurotrainer II; HemoRecirculator; Embedded Netburner Module; Magnetism Amplifier; Combat Rib II; Cranial Signal Processors - Gen II; TITN-41 Gene-Modification Injection; Neurotrainer III; Power Recirculation Core,30
The Black Hand,Augmented Targeting III,27500,230000000,Combat,0.0,Neurotrainer I; Wired Reflexes; LuminCloaking-V1 Skin Implant; Hacknet Node NIC Architecture Neural-Upload; Synaptic Enhancement Implant; Speech Enhancement; BitWire; ADR-V1 Pheromone Gene; Augmented Targeting I; Nuoptimal Nootropic Injector Implant; LuminCloaking-V2 Skin Implant; Neural Wit Amplifier; Artificial Synaptic Potentiation; NutriGen Implant; Social Negotiation Assistant (S.N.A); Combat Rib I; Speech Processor Implant; Hacknet Node Kernel Direct-Neural Interface; INFRARET Enhancement; Augmented Targeting II; Cranial Signal Processors - Gen I; Neurotrainer II; HemoRecirculator; Embedded Netburner Module; Magnetism Amplifier; Combat Rib II; Cranial Signal Processors - Gen II; TITN-41 Gene-Modification Injection; Neurotrainer III; Power Recirculation Core; Eloquence Module,31
The Black Hand,Combat Rib III,35000,240000000,Combat,0.0,Neurotrainer I; Wired Reflexes; LuminCloaking-V1 Skin Implant; Hacknet Node NIC Architecture Neural-Upload; Synaptic Enhancement Implant; Speech Enhancement; BitWire; ADR-V1 Pheromone Gene; Augmented Targeting I; Nuoptimal Nootropic Injector Implant; LuminCloaking-V2 Skin Implant; Neural Wit Amplifier; Artificial Synaptic Potentiation; NutriGen Implant; Social Negotiation Assistant (S.N.A); Combat Rib I; Speech Processor Implant; Hacknet Node Kernel Direct-Neural Interface; INFRARET Enhancement; Augmented Targeting II; Cranial Signal Processors - Gen I; Neurotrainer II; HemoRecirculator; Embedded Netburner Module; Magnetism Amplifier; Combat Rib II; Cranial Signal Processors - Gen II; TITN-41 Gene-Modification Injection; Neurotrainer III; Power Recirculation Core; Eloquence Module; Augmented Targeting III,32
The Black Hand,Nanofiber Weave,37500,250000000,Charisma; Combat,0.0,Neurotrainer I; Wired Reflexes; LuminCloaking-V1 Skin Implant; Hacknet Node NIC Architecture Neural-Upload; Synaptic Enhancement Implant; Speech Enhancement; BitWire; ADR-V1 Pheromone Gene; Augmented Targeting I; Nuoptimal Nootropic Injector Implant; LuminCloaking-V2 Skin Implant; Neural Wit Amplifier; Artificial Synaptic Potentiation; NutriGen Implant; Social Negotiation Assistant (S.N.A); Combat Rib I; Speech Processor Implant; Hacknet Node Kernel Direct-Neural Interface; INFRARET Enhancement; Augmented Targeting II; Cranial Signal Processors - Gen I; Neurotrainer II; HemoRecirculator; Embedded Netburner Module; Magnetism Amplifier; Combat Rib II; Cranial Signal Processors - Gen II; TITN-41 Gene-Modification Injection; Neurotrainer III; Power Recirculation Core; Eloquence Module; Augmented Targeting III; Combat Rib III; The Shadow's Simulacrum,34
The Black Hand,The Shadow's Simulacrum,37500,800000000,Reputation,8e-06,Neurotrainer I; Wired Reflexes; LuminCloaking-V1 Skin Implant; Hacknet Node NIC Architecture Neural-Upload; Synaptic Enhancement Implant; Speech Enhancement; BitWire; ADR-V1 Pheromone Gene; Augmented Targeting I; Nuoptimal Nootropic Injector Implant; LuminCloaking-V2 Skin Implant; Neural Wit Amplifier; Artificial Synaptic Potentiation; NutriGen Implant; Social Negotiation Assistant (S.N.A); Combat Rib I; Speech Processor Implant; Hacknet Node Kernel Direct-Neural Interface; INFRARET Enhancement; Augmented Targeting II; Cranial Signal Processors - Gen I; Neurotrainer II; HemoRecirculator; Embedded Netburner Module; Magnetism Amplifier; Combat Rib II; Cranial Signal Processors - Gen II; TITN-41 Gene-Modification Injection; Neurotrainer III; Power Recirculation Core; Eloquence Module; Augmented Targeting III; Combat Rib III; Nanofiber Weave,34
The Black Hand,Glibness Enhancement,40500,5000000000,Charisma; Reputation,2.47e-06,Neurotrainer I; Wired Reflexes; LuminCloaking-V1 Skin Implant; Hacknet Node NIC Architecture Neural-Upload; Synaptic Enhancement Implant; Speech Enhancement; BitWire; ADR-V1 Pheromone Gene; Augmented Targeting I; Nuoptimal Nootropic Injector Implant; LuminCloaking-V2 Skin Implant; Neural Wit Amplifier; Artificial Synaptic Potentiation; NutriGen Implant; Social Negotiation Assistant (S.N.A); Combat Rib I; Speech Processor Implant; Hacknet Node Kernel Direct-Neural Interface; INFRARET Enhancement; Augmented Targeting II; Cranial Signal Processors - Gen I; Neurotrainer II; HemoRecirculator; Embedded Netburner Module; Magnetism Amplifier; Combat Rib II; Cranial Signal Processors - Gen II; TITN-41 Gene-Modification Injection; Neurotrainer III; Power Recirculation Core; Eloquence Module; Augmented Targeting III; Combat Rib III; Nanofiber Weave; The Shadow's Simulacrum,35
The Black Hand,Bionic Spine,45000,250000000,Combat,0.0,Neurotrainer I; Wired Reflexes; LuminCloaking-V1 Skin Implant; Hacknet Node NIC Architecture Neural-Upload; Synaptic Enhancement Implant; Speech Enhancement; BitWire; ADR-V1 Pheromone Gene; Augmented Targeting I; Nuoptimal Nootropic Injector Implant; LuminCloaking-V2 Skin Implant; Neural Wit Amplifier; Artificial Synaptic Potentiation; NutriGen Implant; Social Negotiation Assistant (S.N.A); Combat Rib I; Speech Processor Implant; Hacknet Node Kernel Direct-Neural Interface; INFRARET Enhancement; Augmented Targeting II; Cranial Signal Processors - Gen I; Neurotrainer II; HemoRecirculator; Embedded Netburner Module; Magnetism Amplifier; Combat Rib II; Cranial Signal Processors - Gen II; TITN-41 Gene-Modification Injection; Neurotrainer III; Power Recirculation Core; Eloquence Module; Augmented Targeting III; Combat Rib III; Nanofiber Weave; The Shadow's Simulacrum; Glibness Enhancement,36
The Black Hand,Neuralstimulator,50000,6000000000,Hacking,4.8e-06,Neurotrainer I; Wired Reflexes; LuminCloaking-V1 Skin Implant; Hacknet Node NIC Architecture Neural-Upload; Synaptic Enhancement Implant; Speech Enhancement; BitWire; ADR-V1 Pheromone Gene; Augmented Targeting I; Nuoptimal Nootropic Injector Implant; LuminCloaking-V2 Skin Implant; Neural Wit Amplifier; Artificial Synaptic Potentiation; NutriGen Implant; Social Negotiation Assistant (S.N.A); Combat Rib I; Speech Processor Implant; Hacknet Node Kernel Direct-Neural Interface; INFRARET Enhancement; Augmented Targeting II; Cranial Signal Processors - Gen I; Neurotrainer II; HemoRecirculator; Embedded Netburner Module; Magnetism Amplifier; Combat Rib II; Cranial Signal Processors - Gen II; TITN-41 Gene-Modification Injection; Neurotrainer III; Power Recirculation Core; Eloquence Module; Augmented Targeting III; Combat Rib III; Nanofiber Weave; The Shadow's Simulacrum; Glibness Enhancement; Bionic Spine; Cranial Signal Processors - Gen III,38
The Black Hand,Cranial Signal Processors - Gen III,50000,1100000000,Hacking,5.2e-06,Neurotrainer I; Wired Reflexes; LuminCloaking-V1 Skin Implant; Hacknet Node NIC Architecture Neural-Upload; Synaptic Enhancement Implant; Speech Enhancement; BitWire; ADR-V1 Pheromone Gene; Augmented Targeting I; Nuoptimal Nootropic Injector Implant; LuminCloaking-V2 Skin Implant; Neural Wit Amplifier; Artificial Synaptic Potentiation; NutriGen Implant; Social Negotiation Assistant (S.N.A); Combat Rib I; Speech Processor Implant; Hacknet Node Kernel Direct-Neural Interface; INFRARET Enhancement; Augmented Targeting II; Cranial Signal Processors - Gen I; Neurotrainer II; HemoRecirculator; Embedded Netburner Module; Magnetism Amplifier; Combat Rib II; Cranial Signal Processors - Gen II; TITN-41 Gene-Modification Injection; Neurotrainer III; Power Recirculation Core; Eloquence Module; Augmented Targeting III; Combat Rib III; Nanofiber Weave; The Shadow's Simulacrum; Glibness Enhancement; Bionic Spine; Neuralstimulator,38
The Black Hand,ADR-V2 Pheromone Gene,62500,1100000000,Charisma; Reputation,6.4e-06,Neurotrainer I; Wired Reflexes; LuminCloaking-V1 Skin Implant; Hacknet Node NIC Architecture Neural-Upload; Synaptic Enhancement Implant; Speech Enhancement; BitWire; ADR-V1 Pheromone Gene; Augmented Targeting I; Nuoptimal Nootropic Injector Implant; LuminCloaking-V2 Skin Implant; Neural Wit Amplifier; Artificial Synaptic Potentiation; NutriGen Implant; Social Negotiation Assistant (S.N.A); Combat Rib I; Speech Processor Implant; Hacknet Node Kernel Direct-Neural Interface; INFRARET Enhancement; Augmented Targeting II; Cranial Signal Processors - Gen I; Neurotrainer II; HemoRecirculator; Embedded Netburner Module; Magnetism Amplifier; Combat Rib II; Cranial Signal Processors - Gen II; TITN-41 Gene-Modification Injection; Neurotrainer III; Power Recirculation Core; Eloquence Module; Augmented Targeting III; Combat Rib III; Nanofiber Weave; The Shadow's Simulacrum; Glibness Enhancement; Bionic Spine; Neuralstimulator; Cranial Signal Processors - Gen III,39
The Black Hand,FocusWire,75000,1800000000,Charisma; Combat; Hacking; Money/Work; Reputation,4.67e-06,Neurotrainer I; Wired Reflexes; LuminCloaking-V1 Skin Implant; Hacknet Node NIC Architecture Neural-Upload; Synaptic Enhancement Implant; Speech Enhancement; BitWire; ADR-V1 Pheromone Gene; Augmented Targeting I; Nuoptimal Nootropic Injector Implant; LuminCloaking-V2 Skin Implant; Neural Wit Amplifier; Artificial Synaptic Potentiation; NutriGen Implant; Social Negotiation Assistant (S.N.A); Combat Rib I; Speech Processor Implant; Hacknet Node Kernel Direct-Neural Interface; INFRARET Enhancement; Augmented Targeting II; Cranial Signal Processors - Gen I; Neurotrainer II; HemoRecirculator; Embedded Netburner Module; Magnetism Amplifier; Combat Rib II; Cranial Signal Processors - Gen II; TITN-41 Gene-Modification Injection; Neurotrainer III; Power Recirculation Core; Eloquence Module; Augmented Targeting III; Combat Rib III; Nanofiber Weave; The Shadow's Simulacrum; Glibness Enhancement; Bionic Spine; Neuralstimulator; Cranial Signal Processors - Gen III; ADR-V2 Pheromone Gene,40
The Black Hand,Enhanced Myelin Sheathing,100000,2750000000,Hacking,2.1e-06,Neurotrainer I; Wired Reflexes; LuminCloaking-V1 Skin Implant; Hacknet Node NIC Architecture Neural-Upload; Synaptic Enhancement Implant; Speech Enhancement; BitWire; ADR-V1 Pheromone Gene; Augmented Targeting I; Nuoptimal Nootropic Injector Implant; LuminCloaking-V2 Skin Implant; Neural Wit Amplifier; Artificial Synaptic Potentiation; NutriGen Implant; Social Negotiation Assistant (S.N.A); Combat Rib I; Speech Processor Implant; Hacknet Node Kernel Direct-Neural Interface; INFRARET Enhancement; Augmented Targeting II; Cranial Signal Processors - Gen I; Neurotrainer II; HemoRecirculator; Embedded Netburner Module; Magnetism Amplifier; Combat Rib II; Cranial Signal Processors - Gen II; TITN-41 Gene-Modification Injection; Neurotrainer III; Power Recirculation Core; Eloquence Module; Augmented Targeting III; Combat Rib III; Nanofiber Weave; The Shadow's Simulacrum; Glibness Enhancement; Bionic Spine; Neuralstimulator; Cranial Signal Processors - Gen III; ADR-V2 Pheromone Gene; FocusWire; The Black Hand,42
The Black Hand,The Black Hand,100000,1100000000,Combat; Hacking,2.2e-06,Neurotrainer I; Wired Reflexes; LuminCloaking-V1 Skin Implant; Hacknet Node NIC Architecture Neural-Upload; Synaptic Enhancement Implant; Speech Enhancement; BitWire; ADR-V1 Pheromone Gene; Augmented Targeting I; Nuoptimal Nootropic Injector Implant; LuminCloaking-V2 Skin Implant; Neural Wit Amplifier; Artificial Synaptic Potentiation; NutriGen Implant; Social Negotiation Assistant (S.N.A); Combat Rib I; Speech Processor Implant; Hacknet Node Kernel Direct-Neural Interface; INFRARET Enhancement; Augmented Targeting II; Cranial Signal Processors - Gen I; Neurotrainer II; HemoRecirculator; Embedded Netburner Module; Magnetism Amplifier; Combat Rib II; Cranial Signal Processors - Gen II; TITN-41 Gene-Modification Injection; Neurotrainer III; Power Recirculation Core; Eloquence Module; Augmented Targeting III; Combat Rib III; Nanofiber Weave; The Shadow's Simulacrum; Glibness Enhancement; Bionic Spine; Neuralstimulator; Cranial Signal Processors - Gen III; ADR-V2 Pheromone Gene; FocusWire; Enhanced Myelin Sheathing,42
The Black Hand,DataJack,112500,900000000,Hacking,2.22e-06,Neurotrainer I; Wired Reflexes; LuminCloaking-V1 Skin Implant; Hacknet Node NIC Architecture Neural-Upload; Synaptic Enhancement Implant; Speech Enhancement; BitWire; ADR-V1 Pheromone Gene; Augmented Targeting I; Nuoptimal Nootropic Injector Implant; LuminCloaking-V2 Skin Implant; Neural Wit Amplifier; Artificial Synaptic Potentiation; NutriGen Implant; Social Negotiation Assistant (S.N.A); Combat Rib I; Speech Processor Implant; Hacknet Node Kernel Direct-Neural Interface; INFRARET Enhancement; Augmented Targeting II; Cranial Signal Processors - Gen I; Neurotrainer II; HemoRecirculator; Embedded Netburner Module; Magnetism Amplifier; Combat Rib II; Cranial Signal Processors - Gen II; TITN-41 Gene-Modification Injection; Neurotrainer III; Power Recirculation Core; Eloquence Module; Augmented Targeting III; Combat Rib III; Nanofiber Weave; The Shadow's Simulacrum; Glibness Enhancement; Bionic Spine; Neuralstimulator; Cranial Signal Processors - Gen III; ADR-V2 Pheromone Gene; FocusWire; Enhanced Myelin Sheathing; The Black Hand,43
The Black Hand,Cranial Signal Processors - Gen IV,125000,2200000000,Hacking,3.76e-06,Neurotrainer I; Wired Reflexes; LuminCloaking-V1 Skin Implant; Hacknet Node NIC Architecture Neural-Upload; Synaptic Enhancement Implant; Speech Enhancement; BitWire; ADR-V1 Pheromone Gene; Augmented Targeting I; Nuoptimal Nootropic Injector Implant; LuminCloaking-V2 Skin Implant; Neural Wit Amplifier; Artificial Synaptic Potentiation; NutriGen Implant; Social Negotiation Assistant (S.N.A); Combat Rib I; Speech Processor Implant; Hacknet Node Kernel Direct-Neural Interface; INFRARET Enhancement; Augmented Targeting II; Cranial Signal Processors - Gen I; Neurotrainer II; HemoRecirculator; Embedded Netburner Module; Magnetism Amplifier; Combat Rib II; Cranial Signal Processors - Gen II; TITN-41 Gene-Modification Injection; Neurotrainer III; Power Recirculation Core; Eloquence Module; Augmented Targeting III; Combat Rib III; Nanofiber Weave; The Shadow's Simulacrum; Glibness Enhancement; Bionic Spine; Neuralstimulator; Cranial Signal Processors - Gen III; ADR-V2 Pheromone Gene; FocusWire; Enhanced Myelin Sheathing; The Black Hand; DataJack; Golden Tongue Module,45
The Black Hand,Golden Tongue Module,125000,250000000,Charisma,0.0,Neurotrainer I; Wired Reflexes; LuminCloaking-V1 Skin Implant; Hacknet Node NIC Architecture Neural-Upload; Synaptic Enhancement Implant; Speech Enhancement; BitWire; ADR-V1 Pheromone Gene; Augmented Targeting I; Nuoptimal Nootropic Injector Implant; LuminCloaking-V2 Skin Implant; Neural Wit Amplifier; Artificial Synaptic Potentiation; NutriGen Implant; Social Negotiation Assistant (S.N.A); Combat Rib I; Speech Processor Implant; Hacknet Node Kernel Direct-Neural Interface; INFRARET Enhancement; Augmented Targeting II; Cranial Signal Processors - Gen I; Neurotrainer II; HemoRecirculator; Embedded Netburner Module; Magnetism Amplifier; Combat Rib II; Cranial Signal Processors - Gen II; TITN-41 Gene-Modification Injection; Neurotrainer III; Power Recirculation Core; Eloquence Module; Augmented Targeting III; Combat Rib III; Nanofiber Weave; The Shadow's Simulacrum; Glibness Enhancement; Bionic Spine; Neuralstimulator; Cranial Signal Processors - Gen III; ADR-V2 Pheromone Gene; FocusWire; Enhanced Myelin Sheathing; The Black Hand; DataJack; Cranial Signal Processors - Gen IV,45
The Black Hand,Bionic Legs,150000,750000000,Combat,0.0,Neurotrainer I; Wired Reflexes; LuminCloaking-V1 Skin Implant; Hacknet Node NIC Architecture Neural-Upload; Synaptic Enhancement Implant; Speech Enhancement; BitWire; ADR-V1 Pheromone Gene; Augmented Targeting I; Nuoptimal Nootropic Injector Implant; LuminCloaking-V2 Skin Implant; Neural Wit Amplifier; Artificial Synaptic Potentiation; NutriGen Implant; Social Negotiation Assistant (S.N.A); Combat Rib I; Speech Processor Implant; Hacknet Node Kernel Direct-Neural Interface; INFRARET Enhancement; Augmented Targeting II; Cranial Signal Processors - Gen I; Neurotrainer II; HemoRecirculator; Embedded Netburner Module; Magnetism Amplifier; Combat Rib II; Cranial Signal Processors - Gen II; TITN-41 Gene-Modification Injection; Neurotrainer III; Power Recirculation Core; Eloquence Module; Augmented Targeting III; Combat Rib III; Nanofiber Weave; The Shadow's Simulacrum; Glibness Enhancement; Bionic Spine; Neuralstimulator; Cranial Signal Processors - Gen III; ADR-V2 Pheromone Gene; FocusWire; Enhanced Myelin Sheathing; The Black Hand; DataJack; Cranial Signal Processors - Gen IV; Golden Tongue Module; HyperSight Corneal Implant,47
The Black Hand,HyperSight Corneal Implant,150000,5500000000,Charisma; Combat; Hacking,8.7e-07,Neurotrainer I; Wired Reflexes; LuminCloaking-V1 Skin Implant; Hacknet Node NIC Architecture Neural-Upload; Synaptic Enhancement Implant; Speech Enhancement; BitWire; ADR-V1 Pheromone Gene; Augmented Targeting I; Nuoptimal Nootropic Injector Implant; LuminCloaking-V2 Skin Implant; Neural Wit Amplifier; Artificial Synaptic Potentiation; NutriGen Implant; Social Negotiation Assistant (S.N.A); Combat Rib I; Speech Processor Implant; Hacknet Node Kernel Direct-Neural Interface; INFRARET Enhancement; Augmented Targeting II; Cranial Signal Processors - Gen I; Neurotrainer II; HemoRecirculator; Embedded Netburner Module; Magnetism Amplifier; Combat Rib II; Cranial Signal Processors - Gen II; TITN-41 Gene-Modification Injection; Neurotrainer III; Power Recirculation Core; Eloquence Module; Augmented Targeting III; Combat Rib III; Nanofiber Weave; The Shadow's Simulacrum; Glibness Enhancement; Bionic Spine; Neuralstimulator; Cranial Signal Processors - Gen III; ADR-V2 Pheromone Gene; FocusWire; Enhanced Myelin Sheathing; The Black Hand; DataJack; Cranial Signal Processors - Gen IV; Golden Tongue Module; Bionic Legs,47
The Black Hand,Embedded Netburner Module Core Implant,175000,5000000000,Hacking,1.71e-06,Neurotrainer I; Wired Reflexes; LuminCloaking-V1 Skin Implant; Hacknet Node NIC Architecture Neural-Upload; Synaptic Enhancement Implant; Speech Enhancement; BitWire; ADR-V1 Pheromone Gene; Augmented Targeting I; Nuoptimal Nootropic Injector Implant; LuminCloaking-V2 Skin Implant; Neural Wit Amplifier; Artificial Synaptic Potentiation; NutriGen Implant; Social Negotiation Assistant (S.N.A); Combat Rib I; Speech Processor Implant; Hacknet Node Kernel Direct-Neural Interface; INFRARET Enhancement; Augmented Targeting II; Cranial Signal Processors - Gen I; Neurotrainer II; HemoRecirculator; Embedded Netburner Module; Magnetism Amplifier; Combat Rib II; Cranial Signal Processors - Gen II; TITN-41 Gene-Modification Injection; Neurotrainer III; Power Recirculation Core; Eloquence Module; Augmented Targeting III; Combat Rib III; Nanofiber Weave; The Shadow's Simulacrum; Glibness Enhancement; Bionic Spine; Neuralstimulator; Cranial Signal Processors - Gen III; ADR-V2 Pheromone Gene; FocusWire; Enhanced Myelin Sheathing; The Black Hand; DataJack; Cranial Signal Processors - Gen IV; Golden Tongue Module; Bionic Legs; HyperSight Corneal Implant,48
The Black Hand,Neuronal Densification,187500,2750000000,Hacking,1.49e-06,Neurotrainer I; Wired Reflexes; LuminCloaking-V1 Skin Implant; Hacknet Node NIC Architecture Neural-Upload; Synaptic Enhancement Implant; Speech Enhancement; BitWire; ADR-V1 Pheromone Gene; Augmented Targeting I; Nuoptimal Nootropic Injector Implant; LuminCloaking-V2 Skin Implant; Neural Wit Amplifier; Artificial Synaptic Potentiation; NutriGen Implant; Social Negotiation Assistant (S.N.A); Combat Rib I; Speech Processor Implant; Hacknet Node Kernel Direct-Neural Interface; INFRARET Enhancement; Augmented Targeting II; Cranial Signal Processors - Gen I; Neurotrainer II; HemoRecirculator; Embedded Netburner Module; Magnetism Amplifier; Combat Rib II; Cranial Signal Processors - Gen II; TITN-41 Gene-Modification Injection; Neurotrainer III; Power Recirculation Core; Eloquence Module; Augmented Targeting III; Combat Rib III; Nanofiber Weave; The Shadow's Simulacrum; Glibness Enhancement; Bionic Spine; Neuralstimulator; Cranial Signal Processors - Gen III; ADR-V2 Pheromone Gene; FocusWire; Enhanced Myelin Sheathing; The Black Hand; DataJack; Cranial Signal Processors - Gen IV; Golden Tongue Module; Bionic Legs; HyperSight Corneal Implant; Embedded Netburner Module Core Implant; The Illustrated Primer,50
The Black Hand,The Illustrated Primer,187500,6750000000,Charisma,0.0,Neurotrainer I; Wired Reflexes; LuminCloaking-V1 Skin Implant; Hacknet Node NIC Architecture Neural-Upload; Synaptic Enhancement Implant; Speech Enhancement; BitWire; ADR-V1 Pheromone Gene; Augmented Targeting I; Nuoptimal Nootropic Injector Implant; LuminCloaking-V2 Skin Implant; Neural Wit Amplifier; Artificial Synaptic Potentiation; NutriGen Implant; Social Negotiation Assistant (S.N.A); Combat Rib I; Speech Processor Implant; Hacknet Node Kernel Direct-Neural Interface; INFRARET Enhancement; Augmented Targeting II; Cranial Signal Processors - Gen I; Neurotrainer II; HemoRecirculator; Embedded Netburner Module; Magnetism Amplifier; Combat Rib II; Cranial Signal Processors - Gen II; TITN-41 Gene-Modification Injection; Neurotrainer III; Power Recirculation Core; Eloquence Module; Augmented Targeting III; Combat Rib III; Nanofiber Weave; The Shadow's Simulacrum; Glibness Enhancement; Bionic Spine; Neuralstimulator; Cranial Signal Processors - Gen III; ADR-V2 Pheromone Gene; FocusWire; Enhanced Myelin Sheathing; The Black Hand; DataJack; Cranial Signal Processors - Gen IV; Golden Tongue Module; Bionic Legs; HyperSight Corneal Implant; Embedded Netburner Module Core Implant; Neuronal Densification,50
The Black Hand,Neural Accelerator,200000,3500000000,Hacking,2.25e-06,Neurotrainer I; Wired Reflexes; LuminCloaking-V1 Skin Implant; Hacknet Node NIC Architecture Neural-Upload; Synaptic Enhancement Implant; Speech Enhancement; BitWire; ADR-V1 Pheromone Gene; Augmented Targeting I; Nuoptimal Nootropic Injector Implant; LuminCloaking-V2 Skin Implant; Neural Wit Amplifier; Artificial Synaptic Potentiation; NutriGen Implant; Social Negotiation Assistant (S.N.A); Combat Rib I; Speech Processor Implant; Hacknet Node Kernel Direct-Neural Interface; INFRARET Enhancement; Augmented Targeting II; Cranial Signal Processors - Gen I; Neurotrainer II; HemoRecirculator; Embedded Netburner Module; Magnetism Amplifier; Combat Rib II; Cranial Signal Processors - Gen II; TITN-41 Gene-Modification Injection; Neurotrainer III; Power Recirculation Core; Eloquence Module; Augmented Targeting III; Combat Rib III; Nanofiber Weave; The Shadow's Simulacrum; Glibness Enhancement; Bionic Spine; Neuralstimulator; Cranial Signal Processors - Gen III; ADR-V2 Pheromone Gene; FocusWire; Enhanced Myelin Sheathing; The Black Hand; DataJack; Cranial Signal Processors - Gen IV; Golden Tongue Module; Bionic Legs; HyperSight Corneal Implant; Embedded Netburner Module Core Implant; Neuronal Densification; The Illustrated Primer,51
The Black Hand,Graphene BrachiBlades Upgrade,225000,5000000000,Combat; Money/Work,1.78e-06,Neurotrainer I; Wired Reflexes; LuminCloaking-V1 Skin Implant; Hacknet Node NIC Architecture Neural-Upload; Synaptic Enhancement Implant; Speech Enhancement; BitWire; ADR-V1 Pheromone Gene; Augmented Targeting I; Nuoptimal Nootropic Injector Implant; LuminCloaking-V2 Skin Implant; Neural Wit Amplifier; Artificial Synaptic Potentiation; NutriGen Implant; Social Negotiation Assistant (S.N.A); Combat Rib I; Speech Processor Implant; Hacknet Node Kernel Direct-Neural Interface; INFRARET Enhancement; Augmented Targeting II; Cranial Signal Processors - Gen I; Neurotrainer II; HemoRecirculator; Embedded Netburner Module; Magnetism Amplifier; Combat Rib II; Cranial Signal Processors - Gen II; TITN-41 Gene-Modification Injection; Neurotrainer III; Power Recirculation Core; Eloquence Module; Augmented Targeting III; Combat Rib III; Nanofiber Weave; The Shadow's Simulacrum; Glibness Enhancement; Bionic Spine; Neuralstimulator; Cranial Signal Processors - Gen III; ADR-V2 Pheromone Gene; FocusWire; Enhanced Myelin Sheathing; The Black Hand; DataJack; Cranial Signal Processors - Gen IV; Golden Tongue Module; Bionic Legs; HyperSight Corneal Implant; Embedded Netburner Module Core Implant; Neuronal Densification; The Illustrated Primer; Neural Accelerator; Social Dynamics Processor,53
The Black Hand,Social Dynamics Processor,225000,2400000000,Charisma; Reputation,1.33e-06,Neurotrainer I; Wired Reflexes; LuminCloaking-V1 Skin Implant; Hacknet Node NIC Architecture Neural-Upload; Synaptic Enhancement Implant; Speech Enhancement; BitWire; ADR-V1 Pheromone Gene; Augmented Targeting I; Nuoptimal Nootropic Injector Implant; LuminCloaking-V2 Skin Implant; Neural Wit Amplifier; Artificial Synaptic Potentiation; NutriGen Implant; Social Negotiation Assistant (S.N.A); Combat Rib I; Speech Processor Implant; Hacknet Node Kernel Direct-Neural Interface; INFRARET Enhancement; Augmented Targeting II; Cranial Signal Processors - Gen I; Neurotrainer II; HemoRecirculator; Embedded Netburner Module; Magnetism Amplifier; Combat Rib II; Cranial Signal Processors - Gen II; TITN-41 Gene-Modification Injection; Neurotrainer III; Power Recirculation Core; Eloquence Module; Augmented Targeting III; Combat Rib III; Nanofiber Weave; The Shadow's Simulacrum; Glibness Enhancement; Bionic Spine; Neuralstimulator; Cranial Signal Processors - Gen III; ADR-V2 Pheromone Gene; FocusWire; Enhanced Myelin Sheathing; The Black Hand; DataJack; Cranial Signal Processors - Gen IV; Golden Tongue Module; Bionic Legs; HyperSight Corneal Implant; Embedded Netburner Module Core Implant; Neuronal Densification; The Illustrated Primer; Neural Accelerator; Graphene BrachiBlades Upgrade,53
The Black Hand,Artificial Bio-neural Network Implant,275000,6000000000,Hacking,1.09e-06,Neurotrainer I; Wired Reflexes; LuminCloaking-V1 Skin Implant; Hacknet Node NIC Architecture Neural-Upload; Synaptic Enhancement Implant; Speech Enhancement; BitWire; ADR-V1 Pheromone Gene; Augmented Targeting I; Nuoptimal Nootropic Injector Implant; LuminCloaking-V2 Skin Implant; Neural Wit Amplifier; Artificial Synaptic Potentiation; NutriGen Implant; Social Negotiation Assistant (S.N.A); Combat Rib I; Speech Processor Implant; Hacknet Node Kernel Direct-Neural Interface; INFRARET Enhancement; Augmented Targeting II; Cranial Signal Processors - Gen I; Neurotrainer II; HemoRecirculator; Embedded Netburner Module; Magnetism Amplifier; Combat Rib II; Cranial Signal Processors - Gen II; TITN-41 Gene-Modification Injection; Neurotrainer III; Power Recirculation Core; Eloquence Module; Augmented Targeting III; Combat Rib III; Nanofiber Weave; The Shadow's Simulacrum; Glibness Enhancement; Bionic Spine; Neuralstimulator; Cranial Signal Processors - Gen III; ADR-V2 Pheromone Gene; FocusWire; Enhanced Myelin Sheathing; The Black Hand; DataJack; Cranial Signal Processors - Gen IV; Golden Tongue Module; Bionic Legs; HyperSight Corneal Implant; Embedded Netburner Module Core Implant; Neuronal Densification; The Illustrated Primer; Neural Accelerator; Graphene BrachiBlades Upgrade; Social Dynamics Processor,54
The Black Hand,Unstable Circadian Modulator,362500,10000000000,Hacknet,2.21e-06,Neurotrainer I; Wired Reflexes; LuminCloaking-V1 Skin Implant; Hacknet Node NIC Architecture Neural-Upload; Synaptic Enhancement Implant; Speech Enhancement; BitWire; ADR-V1 Pheromone Gene; Augmented Targeting I; Nuoptimal Nootropic Injector Implant; LuminCloaking-V2 Skin Implant; Neural Wit Amplifier; Artificial Synaptic Potentiation; NutriGen Implant; Social Negotiation Assistant (S.N.A); Combat Rib I; Speech Processor Implant; Hacknet Node Kernel Direct-Neural Interface; INFRARET Enhancement; Augmented Targeting II; Cranial Signal Processors - Gen I; Neurotrainer II; HemoRecirculator; Embedded Netburner Module; Magnetism Amplifier; Combat Rib II; Cranial Signal Processors - Gen II; TITN-41 Gene-Modification Injection; Neurotrainer III; Power Recirculation Core; Eloquence Module; Augmented Targeting III; Combat Rib III; Nanofiber Weave; The Shadow's Simulacrum; Glibness Enhancement; Bionic Spine; Neuralstimulator; Cranial Signal Processors - Gen III; ADR-V2 Pheromone Gene; FocusWire; Enhanced Myelin Sheathing; The Black Hand; DataJack; Cranial Signal Processors - Gen IV; Golden Tongue Module; Bionic Legs; HyperSight Corneal Implant; Embedded Netburner Module Core Implant; Neuronal Densification; The Illustrated Primer; Neural Accelerator; Graphene BrachiBlades Upgrade; Social Dynamics Processor; Artificial Bio-neural Network Implant,55
The Black Hand,Enhanced Social Interaction Implant,375000,2750000000,Charisma,0.0,Neurotrainer I; Wired Reflexes; LuminCloaking-V1 Skin Implant; Hacknet Node NIC Architecture Neural-Upload; Synaptic Enhancement Implant; Speech Enhancement; BitWire; ADR-V1 Pheromone Gene; Augmented Targeting I; Nuoptimal Nootropic Injector Implant; LuminCloaking-V2 Skin Implant; Neural Wit Amplifier; Artificial Synaptic Potentiation; NutriGen Implant; Social Negotiation Assistant (S.N.A); Combat Rib I; Speech Processor Implant; Hacknet Node Kernel Direct-Neural Interface; INFRARET Enhancement; Augmented Targeting II; Cranial Signal Processors - Gen I; Neurotrainer II; HemoRecirculator; Embedded Netburner Module; Magnetism Amplifier; Combat Rib II; Cranial Signal Processors - Gen II; TITN-41 Gene-Modification Injection; Neurotrainer III; Power Recirculation Core; Eloquence Module; Augmented Targeting III; Combat Rib III; Nanofiber Weave; The Shadow's Simulacrum; Glibness Enhancement; Bionic Spine; Neuralstimulator; Cranial Signal Processors - Gen III; ADR-V2 Pheromone Gene; FocusWire; Enhanced Myelin Sheathing; The Black Hand; DataJack; Cranial Signal Processors - Gen IV; Golden Tongue Module; Bionic Legs; HyperSight Corneal Implant; Embedded Netburner Module Core Implant; Neuronal Densification; The Illustrated Primer; Neural Accelerator; Graphene BrachiBlades Upgrade; Social Dynamics Processor; Artificial Bio-neural Network Implant; Unstable Circadian Modulator; PC Direct-Neural Interface,57
The Black Hand,PC Direct-Neural Interface,375000,7500000000,Hacking; Reputation,1.01e-06,Neurotrainer I; Wired Reflexes; LuminCloaking-V1 Skin Implant; Hacknet Node NIC Architecture Neural-Upload; Synaptic Enhancement Implant; Speech Enhancement; BitWire; ADR-V1 Pheromone Gene; Augmented Targeting I; Nuoptimal Nootropic Injector Implant; LuminCloaking-V2 Skin Implant; Neural Wit Amplifier; Artificial Synaptic Potentiation; NutriGen Implant; Social Negotiation Assistant (S.N.A); Combat Rib I; Speech Processor Implant; Hacknet Node Kernel Direct-Neural Interface; INFRARET Enhancement; Augmented Targeting II; Cranial Signal Processors - Gen I; Neurotrainer II; HemoRecirculator; Embedded Netburner Module; Magnetism Amplifier; Combat Rib II; Cranial Signal Processors - Gen II; TITN-41 Gene-Modification Injection; Neurotrainer III; Power Recirculation Core; Eloquence Module; Augmented Targeting III; Combat Rib III; Nanofiber Weave; The Shadow's Simulacrum; Glibness Enhancement; Bionic Spine; Neuralstimulator; Cranial Signal Processors - Gen III; ADR-V2 Pheromone Gene; FocusWire; Enhanced Myelin Sheathing; The Black Hand; DataJack; Cranial Signal Processors - Gen IV; Golden Tongue Module; Bionic Legs; HyperSight Corneal Implant; Embedded Netburner Module Core Implant; Neuronal Densification; The Illustrated Primer; Neural Accelerator; Graphene BrachiBlades Upgrade; Social Dynamics Processor; Artificial Bio-neural Network Implant; Unstable Circadian Modulator; Enhanced Social Interaction Implant,57
The Black Hand,Synfibril Muscle,437500,2250000000,Combat,0.0,Neurotrainer I; Wired Reflexes; LuminCloaking-V1 Skin Implant; Hacknet Node NIC Architecture Neural-Upload; Synaptic Enhancement Implant; Speech Enhancement; BitWire; ADR-V1 Pheromone Gene; Augmented Targeting I; Nuoptimal Nootropic Injector Implant; LuminCloaking-V2 Skin Implant; Neural Wit Amplifier; Artificial Synaptic Potentiation; NutriGen Implant; Social Negotiation Assistant (S.N.A); Combat Rib I; Speech Processor Implant; Hacknet Node Kernel Direct-Neural Interface; INFRARET Enhancement; Augmented Targeting II; Cranial Signal Processors - Gen I; Neurotrainer II; HemoRecirculator; Embedded Netburner Module; Magnetism Amplifier; Combat Rib II; Cranial Signal Processors - Gen II; TITN-41 Gene-Modification Injection; Neurotrainer III; Power Recirculation Core; Eloquence Module; Augmented Targeting III; Combat Rib III; Nanofiber Weave; The Shadow's Simulacrum; Glibness Enhancement; Bionic Spine; Neuralstimulator; Cranial Signal Processors - Gen III; ADR-V2 Pheromone Gene; FocusWire; Enhanced Myelin Sheathing; The Black Hand; DataJack; Cranial Signal Processors - Gen IV; Golden Tongue Module; Bionic Legs; HyperSight Corneal Implant; Embedded Netburner Module Core Implant; Neuronal Densification; The Illustrated Primer; Neural Accelerator; Graphene BrachiBlades Upgrade; Social Dynamics Processor; Artificial Bio-neural Network Implant; Unstable Circadian Modulator; Enhanced Social Interaction Implant; PC Direct-Neural Interface,58
The Black Hand,PC Direct-Neural Interface Optimization Submodule,500000,9000000000,Hacking; Reputation,1.7e-06,Neurotrainer I; Wired Reflexes; LuminCloaking-V1 Skin Implant; Hacknet Node NIC Architecture Neural-Upload; Synaptic Enhancement Implant; Speech Enhancement; BitWire; ADR-V1 Pheromone Gene; Augmented Targeting I; Nuoptimal Nootropic Injector Implant; LuminCloaking-V2 Skin Implant; Neural Wit Amplifier; Artificial Synaptic Potentiation; NutriGen Implant; Social Negotiation Assistant (S.N.A); Combat Rib I; Speech Processor Implant; Hacknet Node Kernel Direct-Neural Interface; INFRARET Enhancement; Augmented Targeting II; Cranial Signal Processors - Gen I; Neurotrainer II; HemoRecirculator; Embedded Netburner Module; Magnetism Amplifier; Combat Rib II; Cranial Signal Processors - Gen II; TITN-41 Gene-Modification Injection; Neurotrainer III; Power Recirculation Core; Eloquence Module; Augmented Targeting III; Combat Rib III; Nanofiber Weave; The Shadow's Simulacrum; Glibness Enhancement; Bionic Spine; Neuralstimulator; Cranial Signal Processors - Gen III; ADR-V2 Pheromone Gene; FocusWire; Enhanced Myelin Sheathing; The Black Hand; DataJack; Cranial Signal Processors - Gen IV; Golden Tongue Module; Bionic Legs; HyperSight Corneal Implant; Embedded Netburner Module Core Implant; Neuronal Densification; The Illustrated Primer; Neural Accelerator; Graphene BrachiBlades Upgrade; Social Dynamics Processor; Artificial Bio-neural Network Implant; Unstable Circadian Modulator; Enhanced Social Interaction Implant; PC Direct-Neural Interface; Synfibril Muscle,59
The Black Hand,Neotra,562500,5750000000,Charisma; Combat,0.0,Neurotrainer I; Wired Reflexes; LuminCloaking-V1 Skin Implant; Hacknet Node NIC Architecture Neural-Upload; Synaptic Enhancement Implant; Speech Enhancement; BitWire; ADR-V1 Pheromone Gene; Augmented Targeting I; Nuoptimal Nootropic Injector Implant; LuminCloaking-V2 Skin Implant; Neural Wit Amplifier; Artificial Synaptic Potentiation; NutriGen Implant; Social Negotiation Assistant (S.N.A); Combat Rib I; Speech Processor Implant; Hacknet Node Kernel Direct-Neural Interface; INFRARET Enhancement; Augmented Targeting II; Cranial Signal Processors - Gen I; Neurotrainer II; HemoRecirculator; Embedded Netburner Module; Magnetism Amplifier; Combat Rib II; Cranial Signal Processors - Gen II; TITN-41 Gene-Modification Injection; Neurotrainer III; Power Recirculation Core; Eloquence Module; Augmented Targeting III; Combat Rib III; Nanofiber Weave; The Shadow's Simulacrum; Glibness Enhancement; Bionic Spine; Neuralstimulator; Cranial Signal Processors - Gen III; ADR-V2 Pheromone Gene; FocusWire; Enhanced Myelin Sheathing; The Black Hand; DataJack; Cranial Signal Processors - Gen IV; Golden Tongue Module; Bionic Legs; HyperSight Corneal Implant; Embedded Netburner Module Core Implant; Neuronal Densification; The Illustrated Primer; Neural Accelerator; Graphene BrachiBlades Upgrade; Social Dynamics Processor; Artificial Bio-neural Network Implant; Unstable Circadian Modulator; Enhanced Social Interaction Implant; PC Direct-Neural Interface; Synfibril Muscle; PC Direct-Neural Interface Optimization Submodule,60
The Black Hand,Embedded Netburner Module Analyze Engine,625000,12000000000,Hacking,1.6e-07,Neurotrainer I; Wired Reflexes; LuminCloaking-V1 Skin Implant; Hacknet Node NIC Architecture Neural-Upload; Synaptic Enhancement Implant; Speech Enhancement; BitWire; ADR-V1 Pheromone Gene; Augmented Targeting I; Nuoptimal Nootropic Injector Implant; LuminCloaking-V2 Skin Implant; Neural Wit Amplifier; Artificial Synaptic Potentiation; NutriGen Implant; Social Negotiation Assistant (S.N.A); Combat Rib I; Speech Processor Implant; Hacknet Node Kernel Direct-Neural Interface; INFRARET Enhancement; Augmented Targeting II; Cranial Signal Processors - Gen I; Neurotrainer II; HemoRecirculator; Embedded Netburner Module; Magnetism Amplifier; Combat Rib II; Cranial Signal Processors - Gen II; TITN-41 Gene-Modification Injection; Neurotrainer III; Power Recirculation Core; Eloquence Module; Augmented Targeting III; Combat Rib III; Nanofiber Weave; The Shadow's Simulacrum; Glibness Enhancement; Bionic Spine; Neuralstimulator; Cranial Signal Processors - Gen III; ADR-V2 Pheromone Gene; FocusWire; Enhanced Myelin Sheathing; The Black Hand; DataJack; Cranial Signal Processors - Gen IV; Golden Tongue Module; Bionic Legs; HyperSight Corneal Implant; Embedded Netburner Module Core Implant; Neuronal Densification; The Illustrated Primer; Neural Accelerator; Graphene BrachiBlades Upgrade; Social Dynamics Processor; Artificial Bio-neural Network Implant; Unstable Circadian Modulator; Enhanced Social Interaction Implant; PC Direct-Neural Interface; Synfibril Muscle; PC Direct-Neural Interface Optimization Submodule; Neotra; OmniTek InfoLoad,62
The Black Hand,OmniTek InfoLoad,625000,5750000000,Hacking,7.2e-07,Neurotrainer I; Wired Reflexes; LuminCloaking-V1 Skin Implant; Hacknet Node NIC Architecture Neural-Upload; Synaptic Enhancement Implant; Speech Enhancement; BitWire; ADR-V1 Pheromone Gene; Augmented Targeting I; Nuoptimal Nootropic Injector Implant; LuminCloaking-V2 Skin Implant; Neural Wit Amplifier; Artificial Synaptic Potentiation; NutriGen Implant; Social Negotiation Assistant (S.N.A); Combat Rib I; Speech Processor Implant; Hacknet Node Kernel Direct-Neural Interface; INFRARET Enhancement; Augmented Targeting II; Cranial Signal Processors - Gen I; Neurotrainer II; HemoRecirculator; Embedded Netburner Module; Magnetism Amplifier; Combat Rib II; Cranial Signal Processors - Gen II; TITN-41 Gene-Modification Injection; Neurotrainer III; Power Recirculation Core; Eloquence Module; Augmented Targeting III; Combat Rib III; Nanofiber Weave; The Shadow's Simulacrum; Glibness Enhancement; Bionic Spine; Neuralstimulator; Cranial Signal Processors - Gen III; ADR-V2 Pheromone Gene; FocusWire; Enhanced Myelin Sheathing; The Black Hand; DataJack; Cranial Signal Processors - Gen IV; Golden Tongue Module; Bionic Legs; HyperSight Corneal Implant; Embedded Netburner Module Core Implant; Neuronal Densification; The Illustrated Primer; Neural Accelerator; Graphene BrachiBlades Upgrade; Social Dynamics Processor; Artificial Bio-neural Network Implant; Unstable Circadian Modulator; Enhanced Social Interaction Implant; PC Direct-Neural Interface; Synfibril Muscle; PC Direct-Neural Interface Optimization Submodule; Neotra; Embedded Netburner Module Analyze Engine,62
The Black Hand,Synthetic Heart,750000,5750000000,Charisma; Combat,0.0,Neurotrainer I; Wired Reflexes; LuminCloaking-V1 Skin Implant; Hacknet Node NIC Architecture Neural-Upload; Synaptic Enhancement Implant; Speech Enhancement; BitWire; ADR-V1 Pheromone Gene; Augmented Targeting I; Nuoptimal Nootropic Injector Implant; LuminCloaking-V2 Skin Implant; Neural Wit Amplifier; Artificial Synaptic Potentiation; NutriGen Implant; Social Negotiation Assistant (S.N.A); Combat Rib I; Speech Processor Implant; Hacknet Node Kernel Direct-Neural Interface; INFRARET Enhancement; Augmented Targeting II; Cranial Signal Processors - Gen I; Neurotrainer II; HemoRecirculator; Embedded Netburner Module; Magnetism Amplifier; Combat Rib II; Cranial Signal Processors - Gen II; TITN-41 Gene-Modification Injection; Neurotrainer III; Power Recirculation Core; Eloquence Module; Augmented Targeting III; Combat Rib III; Nanofiber Weave; The Shadow's Simulacrum; Glibness Enhancement; Bionic Spine; Neuralstimulator; Cranial Signal Processors - Gen III; ADR-V2 Pheromone Gene; FocusWire; Enhanced Myelin Sheathing; The Black Hand; DataJack; Cranial Signal Processors - Gen IV; Golden Tongue Module; Bionic Legs; HyperSight Corneal Implant; Embedded Netburner Module Core Implant; Neuronal Densification; The Illustrated Primer; Neural Accelerator; Graphene BrachiBlades Upgrade; Social Dynamics Processor; Artificial Bio-neural Network Implant; Unstable Circadian Modulator; Enhanced Social Interaction Implant; PC Direct-Neural Interface; Synfibril Muscle; PC Direct-Neural Interface Optimization Submodule; Neotra; Embedded Netburner Module Analyze Engine; OmniTek InfoLoad; Graphene Bionic Legs Upgrade,64
The Black Hand,Graphene Bionic Legs Upgrade,750000,9000000000,Combat,0.0,Neurotrainer I; Wired Reflexes; LuminCloaking-V1 Skin Implant; Hacknet Node NIC Architecture Neural-Upload; Synaptic Enhancement Implant; Speech Enhancement; BitWire; ADR-V1 Pheromone Gene; Augmented Targeting I; Nuoptimal Nootropic Injector Implant; LuminCloaking-V2 Skin Implant; Neural Wit Amplifier; Artificial Synaptic Potentiation; NutriGen Implant; Social Negotiation Assistant (S.N.A); Combat Rib I; Speech Processor Implant; Hacknet Node Kernel Direct-Neural Interface; INFRARET Enhancement; Augmented Targeting II; Cranial Signal Processors - Gen I; Neurotrainer II; HemoRecirculator; Embedded Netburner Module; Magnetism Amplifier; Combat Rib II; Cranial Signal Processors - Gen II; TITN-41 Gene-Modification Injection; Neurotrainer III; Power Recirculation Core; Eloquence Module; Augmented Targeting III; Combat Rib III; Nanofiber Weave; The Shadow's Simulacrum; Glibness Enhancement; Bionic Spine; Neuralstimulator; Cranial Signal Processors - Gen III; ADR-V2 Pheromone Gene; FocusWire; Enhanced Myelin Sheathing; The Black Hand; DataJack; Cranial Signal Processors - Gen IV; Golden Tongue Module; Bionic Legs; HyperSight Corneal Implant; Embedded Netburner Module Core Implant; Neuronal Densification; The Illustrated Primer; Neural Accelerator; Graphene BrachiBlades Upgrade; Social Dynamics Processor; Artificial Bio-neural Network Implant; Unstable Circadian Modulator; Enhanced Social Interaction Implant; PC Direct-Neural Interface; Synfibril Muscle; PC Direct-Neural Interface Optimization Submodule; Neotra; Embedded Netburner Module Analyze Engine; OmniTek InfoLoad; Synthetic Heart,64
The Black Hand,NEMEAN Subdermal Weave,875000,6500000000,Combat,0.0,Neurotrainer I; Wired Reflexes; LuminCloaking-V1 Skin Implant; Hacknet Node NIC Architecture Neural-Upload; Synaptic Enhancement Implant; Speech Enhancement; BitWire; ADR-V1 Pheromone Gene; Augmented Targeting I; Nuoptimal Nootropic Injector Implant; LuminCloaking-V2 Skin Implant; Neural Wit Amplifier; Artificial Synaptic Potentiation; NutriGen Implant; Social Negotiation Assistant (S.N.A); Combat Rib I; Speech Processor Implant; Hacknet Node Kernel Direct-Neural Interface; INFRARET Enhancement; Augmented Targeting II; Cranial Signal Processors - Gen I; Neurotrainer II; HemoRecirculator; Embedded Netburner Module; Magnetism Amplifier; Combat Rib II; Cranial Signal Processors - Gen II; TITN-41 Gene-Modification Injection; Neurotrainer III; Power Recirculation Core; Eloquence Module; Augmented Targeting III; Combat Rib III; Nanofiber Weave; The Shadow's Simulacrum; Glibness Enhancement; Bionic Spine; Neuralstimulator; Cranial Signal Processors - Gen III; ADR-V2 Pheromone Gene; FocusWire; Enhanced Myelin Sheathing; The Black Hand; DataJack; Cranial Signal Processors - Gen IV; Golden Tongue Module; Bionic Legs; HyperSight Corneal Implant; Embedded Netburner Module Core Implant; Neuronal Densification; The Illustrated Primer; Neural Accelerator; Graphene BrachiBlades Upgrade; Social Dynamics Processor; Artificial Bio-neural Network Implant; Unstable Circadian Modulator; Enhanced Social Interaction Implant; PC Direct-Neural Interface; Synfibril Muscle; PC Direct-Neural Interface Optimization Submodule; Neotra; Embedded Netburner Module Analyze Engine; OmniTek InfoLoad; Synthetic Heart; Graphene Bionic Legs Upgrade; Xanipher,66
The Black Hand,Xanipher,875000,8500000000,Charisma; Combat; Hacking,4e-07,Neurotrainer I; Wired Reflexes; LuminCloaking-V1 Skin Implant; Hacknet Node NIC Architecture Neural-Upload; Synaptic Enhancement Implant; Speech Enhancement; BitWire; ADR-V1 Pheromone Gene; Augmented Targeting I; Nuoptimal Nootropic Injector Implant; LuminCloaking-V2 Skin Implant; Neural Wit Amplifier; Artificial Synaptic Potentiation; NutriGen Implant; Social Negotiation Assistant (S.N.A); Combat Rib I; Speech Processor Implant; Hacknet Node Kernel Direct-Neural Interface; INFRARET Enhancement; Augmented Targeting II; Cranial Signal Processors - Gen I; Neurotrainer II; HemoRecirculator; Embedded Netburner Module; Magnetism Amplifier; Combat Rib II; Cranial Signal Processors - Gen II; TITN-41 Gene-Modification Injection; Neurotrainer III; Power Recirculation Core; Eloquence Module; Augmented Targeting III; Combat Rib III; Nanofiber Weave; The Shadow's Simulacrum; Glibness Enhancement; Bionic Spine; Neuralstimulator; Cranial Signal Processors - Gen III; ADR-V2 Pheromone Gene; FocusWire; Enhanced Myelin Sheathing; The Black Hand; DataJack; Cranial Signal Processors - Gen IV; Golden Tongue Module; Bionic Legs; HyperSight Corneal Implant; Embedded Netburner Module Core Implant; Neuronal Densification; The Illustrated Primer; Neural Accelerator; Graphene BrachiBlades Upgrade; Social Dynamics Processor; Artificial Bio-neural Network Implant; Unstable Circadian Modulator; Enhanced Social Interaction Implant; PC Direct-Neural Interface; Synfibril Muscle; PC Direct-Neural Interface Optimization Submodule; Neotra; Embedded Netburner Module Analyze Engine; OmniTek InfoLoad; Synthetic Heart; Graphene Bionic Legs Upgrade; NEMEAN Subdermal Weave,66
The Black Hand,Embedded Netburner Module Core V2 Upgrade,1000000,9000000000,Hacking,6.3e-07,Neurotrainer I; Wired Reflexes; LuminCloaking-V1 Skin Implant; Hacknet Node NIC Architecture Neural-Upload; Synaptic Enhancement Implant; Speech Enhancement; BitWire; ADR-V1 Pheromone Gene; Augmented Targeting I; Nuoptimal Nootropic Injector Implant; LuminCloaking-V2 Skin Implant; Neural Wit Amplifier; Artificial Synaptic Potentiation; NutriGen Implant; Social Negotiation Assistant (S.N.A); Combat Rib I; Speech Processor Implant; Hacknet Node Kernel Direct-Neural Interface; INFRARET Enhancement; Augmented Targeting II; Cranial Signal Processors - Gen I; Neurotrainer II; HemoRecirculator; Embedded Netburner Module; Magnetism Amplifier; Combat Rib II; Cranial Signal Processors - Gen II; TITN-41 Gene-Modification Injection; Neurotrainer III; Power Recirculation Core; Eloquence Module; Augmented Targeting III; Combat Rib III; Nanofiber Weave; The Shadow's Simulacrum; Glibness Enhancement; Bionic Spine; Neuralstimulator; Cranial Signal Processors - Gen III; ADR-V2 Pheromone Gene; FocusWire; Enhanced Myelin Sheathing; The Black Hand; DataJack; Cranial Signal Processors - Gen IV; Golden Tongue Module; Bionic Legs; HyperSight Corneal Implant; Embedded Netburner Module Core Implant; Neuronal Densification; The Illustrated Primer; Neural Accelerator; Graphene BrachiBlades Upgrade; Social Dynamics Processor; Artificial Bio-neural Network Implant; Unstable Circadian Modulator; Enhanced Social Interaction Implant; PC Direct-Neural Interface; Synfibril Muscle; PC Direct-Neural Interface Optimization Submodule; Neotra; Embedded Netburner Module Analyze Engine; OmniTek InfoLoad; Synthetic Heart; Graphene Bionic Legs Upgrade; NEMEAN Subdermal Weave; Xanipher; Embedded Netburner Module Direct Memory Access Upgrade,68
The Black Hand,Embedded Netburner Module Direct Memory Access Upgrade,1000000,14000000000,Hacking,6e-07,Neurotrainer I; Wired Reflexes; LuminCloaking-V1 Skin Implant; Hacknet Node NIC Architecture Neural-Upload; Synaptic Enhancement Implant; Speech Enhancement; BitWire; ADR-V1 Pheromone Gene; Augmented Targeting I; Nuoptimal Nootropic Injector Implant; LuminCloaking-V2 Skin Implant; Neural Wit Amplifier; Artificial Synaptic Potentiation; NutriGen Implant; Social Negotiation Assistant (S.N.A); Combat Rib I; Speech Processor Implant; Hacknet Node Kernel Direct-Neural Interface; INFRARET Enhancement; Augmented Targeting II; Cranial Signal Processors - Gen I; Neurotrainer II; HemoRecirculator; Embedded Netburner Module; Magnetism Amplifier; Combat Rib II; Cranial Signal Processors - Gen II; TITN-41 Gene-Modification Injection; Neurotrainer III; Power Recirculation Core; Eloquence Module; Augmented Targeting III; Combat Rib III; Nanofiber Weave; The Shadow's Simulacrum; Glibness Enhancement; Bionic Spine; Neuralstimulator; Cranial Signal Processors - Gen III; ADR-V2 Pheromone Gene; FocusWire; Enhanced Myelin Sheathing; The Black Hand; DataJack; Cranial Signal Processors - Gen IV; Golden Tongue Module; Bionic Legs; HyperSight Corneal Implant; Embedded Netburner Module Core Implant; Neuronal Densification; The Illustrated Primer; Neural Accelerator; Graphene BrachiBlades Upgrade; Social Dynamics Processor; Artificial Bio-neural Network Implant; Unstable Circadian Modulator; Enhanced Social Interaction Implant; PC Direct-Neural Interface; Synfibril Muscle; PC Direct-Neural Interface Optimization Submodule; Neotra; Embedded Netburner Module Analyze Engine; OmniTek InfoLoad; Synthetic Heart; Graphene Bionic Legs Upgrade; NEMEAN Subdermal Weave; Xanipher; Embedded Netburner Module Core V2 Upgrade,68
The Black Hand,Graphene Bone Lacings,1125000,8500000000,Combat,0.0,Neurotrainer I; Wired Reflexes; LuminCloaking-V1 Skin Implant; Hacknet Node NIC Architecture Neural-Upload; Synaptic Enhancement Implant; Speech Enhancement; BitWire; ADR-V1 Pheromone Gene; Augmented Targeting I; Nuoptimal Nootropic Injector Implant; LuminCloaking-V2 Skin Implant; Neural Wit Amplifier; Artificial Synaptic Potentiation; NutriGen Implant; Social Negotiation Assistant (S.N.A); Combat Rib I; Speech Processor Implant; Hacknet Node Kernel Direct-Neural Interface; INFRARET Enhancement; Augmented Targeting II; Cranial Signal Processors - Gen I; Neurotrainer II; HemoRecirculator; Embedded Netburner Module; Magnetism Amplifier; Combat Rib II; Cranial Signal Processors - Gen II; TITN-41 Gene-Modification Injection; Neurotrainer III; Power Recirculation Core; Eloquence Module; Augmented Targeting III; Combat Rib III; Nanofiber Weave; The Shadow's Simulacrum; Glibness Enhancement; Bionic Spine; Neuralstimulator; Cranial Signal Processors - Gen III; ADR-V2 Pheromone Gene; FocusWire; Enhanced Myelin Sheathing; The Black Hand; DataJack; Cranial Signal Processors - Gen IV; Golden Tongue Module; Bionic Legs; HyperSight Corneal Implant; Embedded Netburner Module Core Implant; Neuronal Densification; The Illustrated Primer; Neural Accelerator; Graphene BrachiBlades Upgrade; Social Dynamics Processor; Artificial Bio-neural Network Implant; Unstable Circadian Modulator; Enhanced Social Interaction Implant; PC Direct-Neural Interface; Synfibril Muscle; PC Direct-Neural Interface Optimization Submodule; Neotra; Embedded Netburner Module Analyze Engine; OmniTek InfoLoad; Synthetic Heart; Graphene Bionic Legs Upgrade; NEMEAN Subdermal Weave; Xanipher; Embedded Netburner Module Core V2 Upgrade; Embedded Netburner Module Direct Memory Access Upgrade; CordiARC Fusion Reactor,70
The Black Hand,CordiARC Fusion Reactor,1125000,10000000000,Combat,0.0,Neurotrainer I; Wired Reflexes; LuminCloaking-V1 Skin Implant; Hacknet Node NIC Architecture Neural-Upload; Synaptic Enhancement Implant; Speech Enhancement; BitWire; ADR-V1 Pheromone Gene; Augmented Targeting I; Nuoptimal Nootropic Injector Implant; LuminCloaking-V2 Skin Implant; Neural Wit Amplifier; Artificial Synaptic Potentiation; NutriGen Implant; Social Negotiation Assistant (S.N.A); Combat Rib I; Speech Processor Implant; Hacknet Node Kernel Direct-Neural Interface; INFRARET Enhancement; Augmented Targeting II; Cranial Signal Processors - Gen I; Neurotrainer II; HemoRecirculator; Embedded Netburner Module; Magnetism Amplifier; Combat Rib II; Cranial Signal Processors - Gen II; TITN-41 Gene-Modification Injection; Neurotrainer III; Power Recirculation Core; Eloquence Module; Augmented Targeting III; Combat Rib III; Nanofiber Weave; The Shadow's Simulacrum; Glibness Enhancement; Bionic Spine; Neuralstimulator; Cranial Signal Processors - Gen III; ADR-V2 Pheromone Gene; FocusWire; Enhanced Myelin Sheathing; The Black Hand; DataJack; Cranial Signal Processors - Gen IV; Golden Tongue Module; Bionic Legs; HyperSight Corneal Implant; Embedded Netburner Module Core Implant; Neuronal Densification; The Illustrated Primer; Neural Accelerator; Graphene BrachiBlades Upgrade; Social Dynamics Processor; Artificial Bio-neural Network Implant; Unstable Circadian Modulator; Enhanced Social Interaction Implant; PC Direct-Neural Interface; Synfibril Muscle; PC Direct-Neural Interface Optimization Submodule; Neotra; Embedded Netburner Module Analyze Engine; OmniTek InfoLoad; Synthetic Heart; Graphene Bionic Legs Upgrade; NEMEAN Subdermal Weave; Xanipher; Embedded Netburner Module Core V2 Upgrade; Embedded Netburner Module Direct Memory Access Upgrade; Graphene Bone Lacings,70
The Black Hand,ECorp HVMind Implant,1500000,11000000000,Hacking,1.33e-06,Neurotrainer I; Wired Reflexes; LuminCloaking-V1 Skin Implant; Hacknet Node NIC Architecture Neural-Upload; Synaptic Enhancement Implant; Speech Enhancement; BitWire; ADR-V1 Pheromone Gene; Augmented Targeting I; Nuoptimal Nootropic Injector Implant; LuminCloaking-V2 Skin Implant; Neural Wit Amplifier; Artificial Synaptic Potentiation; NutriGen Implant; Social Negotiation Assistant (S.N.A); Combat Rib I; Speech Processor Implant; Hacknet Node Kernel Direct-Neural Interface; INFRARET Enhancement; Augmented Targeting II; Cranial Signal Processors - Gen I; Neurotrainer II; HemoRecirculator; Embedded Netburner Module; Magnetism Amplifier; Combat Rib II; Cranial Signal Processors - Gen II; TITN-41 Gene-Modification Injection; Neurotrainer III; Power Recirculation Core; Eloquence Module; Augmented Targeting III; Combat Rib III; Nanofiber Weave; The Shadow's Simulacrum; Glibness Enhancement; Bionic Spine; Neuralstimulator; Cranial Signal Processors - Gen III; ADR-V2 Pheromone Gene; FocusWire; Enhanced Myelin Sheathing; The Black Hand; DataJack; Cranial Signal Processors - Gen IV; Golden Tongue Module; Bionic Legs; HyperSight Corneal Implant; Embedded Netburner Module Core Implant; Neuronal Densification; The Illustrated Primer; Neural Accelerator; Graphene BrachiBlades Upgrade; Social Dynamics Processor; Artificial Bio-neural Network Implant; Unstable Circadian Modulator; Enhanced Social Interaction Implant; PC Direct-Neural Interface; Synfibril Muscle; PC Direct-Neural Interface Optimization Submodule; Neotra; Embedded Netburner Module Analyze Engine; OmniTek InfoLoad; Synthetic Heart; Graphene Bionic Legs Upgrade; NEMEAN Subdermal Weave; Xanipher; Embedded Netburner Module Core V2 Upgrade; Embedded Netburner Module Direct Memory Access Upgrade; Graphene Bone Lacings; CordiARC Fusion Reactor,71
The Black Hand,Graphene Bionic Spine Upgrade,1625000,12000000000,Combat,0.0,Neurotrainer I; Wired Reflexes; LuminCloaking-V1 Skin Implant; Hacknet Node NIC Architecture Neural-Upload; Synaptic Enhancement Implant; Speech Enhancement; BitWire; ADR-V1 Pheromone Gene; Augmented Targeting I; Nuoptimal Nootropic Injector Implant; LuminCloaking-V2 Skin Implant; Neural Wit Amplifier; Artificial Synaptic Potentiation; NutriGen Implant; Social Negotiation Assistant (S.N.A); Combat Rib I; Speech Processor Implant; Hacknet Node Kernel Direct-Neural Interface; INFRARET Enhancement; Augmented Targeting II; Cranial Signal Processors - Gen I; Neurotrainer II; HemoRecirculator; Embedded Netburner Module; Magnetism Amplifier; Combat Rib II; Cranial Signal Processors - Gen II; TITN-41 Gene-Modification Injection; Neurotrainer III; Power Recirculation Core; Eloquence Module; Augmented Targeting III; Combat Rib III; Nanofiber Weave; The Shadow's Simulacrum; Glibness Enhancement; Bionic Spine; Neuralstimulator; Cranial Signal Processors - Gen III; ADR-V2 Pheromone Gene; FocusWire; Enhanced Myelin Sheathing; The Black Hand; DataJack; Cranial Signal Processors - Gen IV; Golden Tongue Module; Bionic Legs; HyperSight Corneal Implant; Embedded Netburner Module Core Implant; Neuronal Densification; The Illustrated Primer; Neural Accelerator; Graphene BrachiBlades Upgrade; Social Dynamics Processor; Artificial Bio-neural Network Implant; Unstable Circadian Modulator; Enhanced Social Interaction Implant; PC Direct-Neural Interface; Synfibril Muscle; PC Direct-Neural Interface Optimization Submodule; Neotra; Embedded Netburner Module Analyze Engine; OmniTek InfoLoad; Synthetic Heart; Graphene Bionic Legs Upgrade; NEMEAN Subdermal Weave; Xanipher; Embedded Netburner Module Core V2 Upgrade; Embedded Netburner Module Direct Memory Access Upgrade; Graphene Bone Lacings; CordiARC Fusion Reactor; ECorp HVMind Implant,72
The Black Hand,Embedded Netburner Module Core V3 Upgrade,1750000,15000000000,Hacking,5.1e-07,Neurotrainer I; Wired Reflexes; LuminCloaking-V1 Skin Implant; Hacknet Node NIC Architecture Neural-Upload; Synaptic Enhancement Implant; Speech Enhancement; BitWire; ADR-V1 Pheromone Gene; Augmented Targeting I; Nuoptimal Nootropic Injector Implant; LuminCloaking-V2 Skin Implant; Neural Wit Amplifier; Artificial Synaptic Potentiation; NutriGen Implant; Social Negotiation Assistant (S.N.A); Combat Rib I; Speech Processor Implant; Hacknet Node Kernel Direct-Neural Interface; INFRARET Enhancement; Augmented Targeting II; Cranial Signal Processors - Gen I; Neurotrainer II; HemoRecirculator; Embedded Netburner Module; Magnetism Amplifier; Combat Rib II; Cranial Signal Processors - Gen II; TITN-41 Gene-Modification Injection; Neurotrainer III; Power Recirculation Core; Eloquence Module; Augmented Targeting III; Combat Rib III; Nanofiber Weave; The Shadow's Simulacrum; Glibness Enhancement; Bionic Spine; Neuralstimulator; Cranial Signal Processors - Gen III; ADR-V2 Pheromone Gene; FocusWire; Enhanced Myelin Sheathing; The Black Hand; DataJack; Cranial Signal Processors - Gen IV; Golden Tongue Module; Bionic Legs; HyperSight Corneal Implant; Embedded Netburner Module Core Implant; Neuronal Densification; The Illustrated Primer; Neural Accelerator; Graphene BrachiBlades Upgrade; Social Dynamics Processor; Artificial Bio-neural Network Implant; Unstable Circadian Modulator; Enhanced Social Interaction Implant; PC Direct-Neural Interface; Synfibril Muscle; PC Direct-Neural Interface Optimization Submodule; Neotra; Embedded Netburner Module Analyze Engine; OmniTek InfoLoad; Synthetic Heart; Graphene Bionic Legs Upgrade; NEMEAN Subdermal Weave; Xanipher; Embedded Netburner Module Core V2 Upgrade; Embedded Netburner Module Direct Memory Access Upgrade; Graphene Bone Lacings; CordiARC Fusion Reactor; ECorp HVMind Implant; Graphene Bionic Spine Upgrade,73
The Black Hand,QLink,1875000,50000000000000,Hacking,3.33e-06,Neurotrainer I; Wired Reflexes; LuminCloaking-V1 Skin Implant; Hacknet Node NIC Architecture Neural-Upload; Synaptic Enhancement Implant; Speech Enhancement; BitWire; ADR-V1 Pheromone Gene; Augmented Targeting I; Nuoptimal Nootropic Injector Implant; LuminCloaking-V2 Skin Implant; Neural Wit Amplifier; Artificial Synaptic Potentiation; NutriGen Implant; Social Negotiation Assistant (S.N.A); Combat Rib I; Speech Processor Implant; Hacknet Node Kernel Direct-Neural Interface; INFRARET Enhancement; Augmented Targeting II; Cranial Signal Processors - Gen I; Neurotrainer II; HemoRecirculator; Embedded Netburner Module; Magnetism Amplifier; Combat Rib II; Cranial Signal Processors - Gen II; TITN-41 Gene-Modification Injection; Neurotrainer III; Power Recirculation Core; Eloquence Module; Augmented Targeting III; Combat Rib III; Nanofiber Weave; The Shadow's Simulacrum; Glibness Enhancement; Bionic Spine; Neuralstimulator; Cranial Signal Processors - Gen III; ADR-V2 Pheromone Gene; FocusWire; Enhanced Myelin Sheathing; The Black Hand; DataJack; Cranial Signal Processors - Gen IV; Golden Tongue Module; Bionic Legs; HyperSight Corneal Implant; Embedded Netburner Module Core Implant; Neuronal Densification; The Illustrated Primer; Neural Accelerator; Graphene BrachiBlades Upgrade; Social Dynamics Processor; Artificial Bio-neural Network Implant; Unstable Circadian Modulator; Enhanced Social Interaction Implant; PC Direct-Neural Interface; Synfibril Muscle; PC Direct-Neural Interface Optimization Submodule; Neotra; Embedded Netburner Module Analyze Engine; OmniTek InfoLoad; Synthetic Heart; Graphene Bionic Legs Upgrade; NEMEAN Subdermal Weave; Xanipher; Embedded Netburner Module Core V2 Upgrade; Embedded Netburner Module Direct Memory Access Upgrade; Graphene Bone Lacings; CordiARC Fusion Reactor; ECorp HVMind Implant; Graphene Bionic Spine Upgrade; Embedded Netburner Module Core V3 Upgrade,74
The Covenant,NeuroFlux Governor,500,1500000,Charisma; Combat; Hacking; Hacknet; Money/Work; Reputation,0.00031929,,0
The Covenant,Augmented Targeting III,27500,230000000,Combat,0.0,NeuroFlux Governor,1
The Covenant,Combat Rib III,35000,240000000,Combat,0.0,NeuroFlux Governor; Augmented Targeting III,2
The Covenant,Synfibril Muscle,437500,2250000000,Combat,0.0,NeuroFlux Governor; Augmented Targeting III; Combat Rib III,3
The Covenant,Embedded Netburner Module Analyze Engine,625000,12000000000,Hacking,1.6e-07,NeuroFlux Governor; Augmented Targeting III; Combat Rib III; Synfibril Muscle,4
The Covenant,Synthetic Heart,750000,5750000000,Charisma; Combat,0.0,NeuroFlux Governor; Augmented Targeting III; Combat Rib III; Synfibril Muscle; Embedded Netburner Module Analyze Engine,5
The Covenant,NEMEAN Subdermal Weave,875000,6500000000,Combat,0.0,NeuroFlux Governor; Augmented Targeting III; Combat Rib III; Synfibril Muscle; Embedded Netburner Module Analyze Engine; Synthetic Heart,6
The Covenant,Embedded Netburner Module Direct Memory Access Upgrade,1000000,14000000000,Hacking,6e-07,NeuroFlux Governor; Augmented Targeting III; Combat Rib III; Synfibril Muscle; Embedded Netburner Module Analyze Engine; Synthetic Heart; NEMEAN Subdermal Weave,7
The Covenant,Graphene Bone Lacings,1125000,8500000000,Combat,0.0,NeuroFlux Governor; Augmented Targeting III; Combat Rib III; Synfibril Muscle; Embedded Netburner Module Analyze Engine; Synthetic Heart; NEMEAN Subdermal Weave; Embedded Netburner Module Direct Memory Access Upgrade,8
The Covenant,SPTN-97 Gene Modification,1250000,9750000000,Combat; Hacking,1.2e-07,NeuroFlux Governor; Augmented Targeting III; Combat Rib III; Synfibril Muscle; Embedded Netburner Module Analyze Engine; Synthetic Heart; NEMEAN Subdermal Weave; Embedded Netburner Module Direct Memory Access Upgrade; Graphene Bone Lacings,9
The Covenant,Embedded Netburner Module Core V3 Upgrade,1750000,15000000000,Hacking,5.1e-07,NeuroFlux Governor; Augmented Targeting III; Combat Rib III; Synfibril Muscle; Embedded Netburner Module Analyze Engine; Synthetic Heart; NEMEAN Subdermal Weave; Embedded Netburner Module Direct Memory Access Upgrade; Graphene Bone Lacings; SPTN-97 Gene Modification,10
The Dark Army,NeuroFlux Governor,500,1500000,Charisma; Combat; Hacking; Hacknet; Money/Work; Reputation,0.00031929,,0
The Dark Army,Wired Reflexes,1250,5000000,Combat,0.0,NeuroFlux Governor,1
The Dark Army,Augmented Targeting I,5000,30000000,Combat,0.0,NeuroFlux Governor; Wired Reflexes,2
The Dark Army,Combat Rib I,7500,47500000,Combat,0.0,NeuroFlux Governor; Wired Reflexes; Augmented Targeting I,3
The Dark Army,Augmented Targeting II,8750,85000000,Combat,0.0,NeuroFlux Governor; Wired Reflexes; Augmented Targeting I; Combat Rib I,4
The Dark Army,HemoRecirculator,10000,90000000,Charisma; Combat,0.0,NeuroFlux Governor; Wired Reflexes; Augmented Targeting I; Combat Rib I; Augmented Targeting II,5
The Dark Army,Magnetism Amplifier,15000,500000000,Charisma; Reputation,6.67e-06,NeuroFlux Governor; Wired Reflexes; Augmented Targeting I; Combat Rib I; Augmented Targeting II; HemoRecirculator,6
The Dark Army,Combat Rib II,18750,130000000,Combat,0.0,NeuroFlux Governor; Wired Reflexes; Augmented Targeting I; Combat Rib I; Augmented Targeting II; HemoRecirculator; Magnetism Amplifier,7
The Dark Army,Power Recirculation Core,25000,360000000,Charisma; Combat; Hacking,6e-06,NeuroFlux Governor; Wired Reflexes; Augmented Targeting I; Combat Rib I; Augmented Targeting II; HemoRecirculator; Magnetism Amplifier; Combat Rib II,8
The Dark Army,Augmented Targeting III,27500,230000000,Combat,0.0,NeuroFlux Governor; Wired Reflexes; Augmented Targeting I; Combat Rib I; Augmented Targeting II; HemoRecirculator; Magnetism Amplifier; Combat Rib II; Power Recirculation Core,9
The Dark Army,Combat Rib III,35000,240000000,Combat,0.0,NeuroFlux Governor; Wired Reflexes; Augmented Targeting I; Combat Rib I; Augmented Targeting II; HemoRecirculator; Magnetism Amplifier; Combat Rib II; Power Recirculation Core; Augmented Targeting III,10
The Dark Army,Nanofiber Weave,37500,250000000,Charisma; Combat,0.0,NeuroFlux Governor; Wired Reflexes; Augmented Targeting I; Combat Rib I; Augmented Targeting II; HemoRecirculator; Magnetism Amplifier; Combat Rib II; Power Recirculation Core; Augmented Targeting III; Combat Rib III; The Shadow's Simulacrum,12
The Dark Army,The Shadow's Simulacrum,37500,800000000,Reputation,8e-06,NeuroFlux Governor; Wired Reflexes; Augmented Targeting I; Combat Rib I; Augmented Targeting II; HemoRecirculator; Magnetism Amplifier; Combat Rib II; Power Recirculation Core; Augmented Targeting III; Combat Rib III; Nanofiber Weave,12
The Dark Army,The Illustrated Primer,187500,6750000000,Charisma,0.0,NeuroFlux Governor; Wired Reflexes; Augmented Targeting I; Combat Rib I; Augmented Targeting II; HemoRecirculator; Magnetism Amplifier; Combat Rib II; Power Recirculation Core; Augmented Targeting III; Combat Rib III; Nanofiber Weave; The Shadow's Simulacrum,13
The Dark Army,Graphene Bionic Arms Upgrade,500000,7500000000,Combat,0.0,NeuroFlux Governor; Wired Reflexes; Augmented Targeting I; Combat Rib I; Augmented Targeting II; HemoRecirculator; Magnetism Amplifier; Combat Rib II; Power Recirculation Core; Augmented Targeting III; Combat Rib III; Nanofiber Weave; The Shadow's Simulacrum; The Illustrated Primer,14
The Syndicate,NeuroFlux Governor,500,1500000,Charisma; Combat; Hacking; Hacknet; Money/Work; Reputation,0.00031929,,0
The Syndicate,Wired Reflexes,1250,5000000,Combat,0.0,NeuroFlux Governor,1
The Syndicate,ADR-V1 Pheromone Gene,3750,35000000,Charisma; Reputation,5.333e-05,NeuroFlux Governor; Wired Reflexes,2
The Syndicate,Augmented Targeting I,5000,30000000,Combat,0.0,NeuroFlux Governor; Wired Reflexes; ADR-V1 Pheromone Gene,3
The Syndicate,Combat Rib I,7500,47500000,Combat,0.0,NeuroFlux Governor; Wired Reflexes; ADR-V1 Pheromone Gene; Augmented Targeting I,4
The Syndicate,Augmented Targeting II,8750,85000000,Combat,0.0,NeuroFlux Governor; Wired Reflexes; ADR-V1 Pheromone Gene; Augmented Targeting I; Combat Rib I,5
The Syndicate,HemoRecirculator,10000,90000000,Charisma; Combat,0.0,NeuroFlux Governor; Wired Reflexes; ADR-V1 Pheromone Gene; Augmented Targeting I; Combat Rib I; Augmented Targeting II,6
The Syndicate,BrachiBlades,12500,180000000,Combat; Money/Work,2e-05,NeuroFlux Governor; Wired Reflexes; ADR-V1 Pheromone Gene; Augmented Targeting I; Combat Rib I; Augmented Targeting II; HemoRecirculator,7
The Syndicate,Combat Rib II,18750,130000000,Combat,0.0,NeuroFlux Governor; Wired Reflexes; ADR-V1 Pheromone Gene; Augmented Targeting I; Combat Rib I; Augmented Targeting II; HemoRecirculator; BrachiBlades,8
The Syndicate,Power Recirculation Core,25000,360000000,Charisma; Combat; Hacking,6e-06,NeuroFlux Governor; Wired Reflexes; ADR-V1 Pheromone Gene; Augmented Targeting I; Combat Rib I; Augmented Targeting II; HemoRecirculator; BrachiBlades; Combat Rib II,9
The Syndicate,Augmented Targeting III,27500,230000000,Combat,0.0,NeuroFlux Governor; Wired Reflexes; ADR-V1 Pheromone Gene; Augmented Targeting I; Combat Rib I; Augmented Targeting II; HemoRecirculator; BrachiBlades; Combat Rib II; Power Recirculation Core,10
The Syndicate,Combat Rib III,35000,240000000,Combat,0.0,NeuroFlux Governor; Wired Reflexes; ADR-V1 Pheromone Gene; Augmented Targeting I; Combat Rib I; Augmented Targeting II; HemoRecirculator; BrachiBlades; Combat Rib II; Power Recirculation Core; Augmented Targeting III,11
The Syndicate,Nanofiber Weave,37500,250000000,Charisma; Combat,0.0,NeuroFlux Governor; Wired Reflexes; ADR-V1 Pheromone Gene; Augmented Targeting I; Combat Rib I; Augmented Targeting II; HemoRecirculator; BrachiBlades; Combat Rib II; Power Recirculation Core; Augmented Targeting III; Combat Rib III; The Shadow's Simulacrum,13
The Syndicate,The Shadow's Simulacrum,37500,800000000,Reputation,8e-06,NeuroFlux Governor; Wired Reflexes; ADR-V1 Pheromone Gene; Augmented Targeting I; Combat Rib I; Augmented Targeting II; HemoRecirculator; BrachiBlades; Combat Rib II; Power Recirculation Core; Augmented Targeting III; Combat Rib III; Nanofiber Weave,13
The Syndicate,Bionic Spine,45000,250000000,Combat,0.0,NeuroFlux Governor; Wired Reflexes; ADR-V1 Pheromone Gene; Augmented Targeting I; Combat Rib I; Augmented Targeting II; HemoRecirculator; BrachiBlades; Combat Rib II; Power Recirculation Core; Augmented Targeting III; Combat Rib III; Nanofiber Weave; The Shadow's Simulacrum,14
The Syndicate,Bionic Legs,150000,750000000,Combat,0.0,NeuroFlux Governor; Wired Reflexes; ADR-V1 Pheromone Gene; Augmented Targeting I; Combat Rib I; Augmented Targeting II; HemoRecirculator; BrachiBlades; Combat Rib II; Power Recirculation Core; Augmented Targeting III; Combat Rib III; Nanofiber Weave; The Shadow's Simulacrum; Bionic Spine,15
The Syndicate,The Illustrated Primer,187500,6750000000,Charisma,0.0,NeuroFlux Governor; Wired Reflexes; ADR-V1 Pheromone Gene; Augmented Targeting I; Combat Rib I; Augmented Targeting II; HemoRecirculator; BrachiBlades; Combat Rib II; Power Recirculation Core; Augmented Targeting III; Combat Rib III; Nanofiber Weave; The Shadow's Simulacrum; Bionic Spine; Bionic Legs,16
The Syndicate,NEMEAN Subdermal Weave,875000,6500000000,Combat,0.0,NeuroFlux Governor; Wired Reflexes; ADR-V1 Pheromone Gene; Augmented Targeting I; Combat Rib I; Augmented Targeting II; HemoRecirculator; BrachiBlades; Combat Rib II; Power Recirculation Core; Augmented Targeting III; Combat Rib III; Nanofiber Weave; The Shadow's Simulacrum; Bionic Spine; Bionic Legs; The Illustrated Primer,17
Tian Di Hui,NeuroFlux Governor,500,1500000,Charisma; Combat; Hacking; Hacknet; Money/Work; Reputation,0.00031929,,0
Tian Di Hui,Wired Reflexes,1250,5000000,Combat,0.0,NeuroFlux Governor,1
Tian Di Hui,Speech Enhancement,2500,25000000,Charisma; Reputation,4e-05,NeuroFlux Governor; Wired Reflexes,2
Tian Di Hui,ADR-V1 Pheromone Gene,3750,35000000,Charisma; Reputation,5.333e-05,NeuroFlux Governor; Wired Reflexes; Speech Enhancement,3
Tian Di Hui,Nuoptimal Nootropic Injector Implant,5000,40000000,Charisma; Reputation,4e-05,NeuroFlux Governor; Wired Reflexes; Speech Enhancement; ADR-V1 Pheromone Gene,4
Tian Di Hui,Social Negotiation Assistant (S.N.A),6250,60000000,Charisma; Money/Work; Reputation,6.4e-05,NeuroFlux Governor; Wired Reflexes; Speech Enhancement; ADR-V1 Pheromone Gene; Nuoptimal Nootropic Injector Implant,5
Tian Di Hui,Speech Processor Implant,7500,100000000,Charisma,0.0,NeuroFlux Governor; Wired Reflexes; Speech Enhancement; ADR-V1 Pheromone Gene; Nuoptimal Nootropic Injector Implant; Social Negotiation Assistant (S.N.A),6
Tian Di Hui,Nanofiber Weave,37500,250000000,Charisma; Combat,0.0,NeuroFlux Governor; Wired Reflexes; Speech Enhancement; ADR-V1 Pheromone Gene; Nuoptimal Nootropic Injector Implant; Social Negotiation Assistant (S.N.A); Speech Processor Implant,7
Tian Di Hui,Neuroreceptor Management Implant,75000,1100000000,,0.0,NeuroFlux Governor; Wired Reflexes; Speech Enhancement; ADR-V1 Pheromone Gene; Nuoptimal Nootropic Injector Implant; Social Negotiation Assistant (S.N.A); Speech Processor Implant; Nanofiber Weave,8
Volhaven,NeuroFlux Governor,500,1500000,Charisma; Combat; Hacking; Hacknet; Money/Work; Reputation,0.00031929,,0
Volhaven,Wired Reflexes,1250,5000000,Combat,0.0,NeuroFlux Governor,1
Volhaven,Nuoptimal Nootropic Injector Implant,5000,40000000,Charisma; Reputation,4e-05,NeuroFlux Governor; Wired Reflexes,2
Volhaven,Combat Rib I,7500,47500000,Combat,0.0,NeuroFlux Governor; Wired Reflexes; Nuoptimal Nootropic Injector Implant; Speech Processor Implant,4
Volhaven,Speech Processor Implant,7500,100000000,Charisma,0.0,NeuroFlux Governor; Wired Reflexes; Nuoptimal Nootropic Injector Implant; Combat Rib I,4
Volhaven,DermaForce Particle Barrier,15000,100000000,Charisma; Combat,0.0,NeuroFlux Governor; Wired Reflexes; Nuoptimal Nootropic Injector Implant; Combat Rib I; Speech Processor Implant,5
Volhaven,Combat Rib II,18750,130000000,Combat,0.0,NeuroFlux Governor; Wired Reflexes; Nuoptimal Nootropic Injector Implant; Combat Rib I; Speech Processor Implant; DermaForce Particle Barrier,6
Volhaven,Neuralstimulator,50000,6000000000,Hacking,4.8e-06,NeuroFlux Governor; Wired Reflexes; Nuoptimal Nootropic Injector Implant; Combat Rib I; Speech Processor Implant; DermaForce Particle Barrier; Combat Rib II,7
